listing_id,name,city,latitude,longitude,price,room_type,accommodates
2577,Loft for 4 by Canal Saint Martin,Paris,48.86993,2.36251,125,Entire place,4
2595,Skylit Midtown Castle,New York,40.75362,-73.98377,100,Entire place,2
2737,"Elif's room in cozy, clean flat.",Rome,41.87218,12.48355,21,Private room,1
2903,Stay a night in Calisto6 B&B Rome,Rome,41.88826,12.47002,37,Private room,4
3079,Cozy apartment  (2-4)with Colisseum  view,Rome,41.89503,12.49163,105,Entire place,4
3109,zen and calm,Paris,48.83349,2.31852,60,Entire place,2
3191,Malleson Garden Cottage,Cape Town,-33.94739,18.476,497,Entire place,2
3831,"Whole flr w/private bdrm, bath & kitchen(pls read)",New York,40.68514,-73.95976,73,Entire place,3
5121,BlissArtsSpace!,New York,40.68688,-73.95596,60,Private room,2
5178,Large Furnished Room Near B'wayã€€,New York,40.76468,-73.98315,79,Private room,2
5203,Cozy Clean Guest Room - Family Apt,New York,40.80178,-73.96723,75,Private room,1
5396,Explore the heart of old Paris,Paris,48.85207,2.35871,81,Entire place,2
5803,"Lovely Room 1, Garden, Best Area, Legal rental",New York,40.66829,-73.98779,83,Private room,2
6848,Only 2 stops to Manhattan studio,New York,40.70837,-73.95352,109,Entire place,3
6872,Uptown Sanctuary w/ Private Bath (Month to Month),New York,40.80139,-73.94244,65,Private room,1
6990,UES Beautiful Blue Room,New York,40.78962,-73.94802,62,Private room,1
7097,Perfect for Your Parents:  Privacy + Garden,New York,40.69121,-73.97277,199,Entire place,4
7397,MARAIS - 2ROOMS APT - 2/4 PEOPLE,Paris,48.85758,2.35275,80,Entire place,4
7750,2 Furnished bedrooms next to Central Park,New York,40.79685,-73.94872,96,Private room,1
7801,Sweet and Spacious Brooklyn Loft,New York,40.71842,-73.95718,299,Entire place,4
7964,Large & sunny flat with balcony !,Paris,48.87417,2.34245,130,Entire place,2
8490,"Maison des Sirenes1,bohemian, luminous apartment",New York,40.68371,-73.94028,120,Entire place,5
9357,Midtown Pied-a-terre,New York,40.76715,-73.98533,150,Entire place,2
9359,"Cozy, Central Paris: WALK or VELIB EVERYWHERE !",Paris,48.85899,2.34735,75,Entire place,2
9657,Modern 1 BR / NYC / East Village,New York,40.7292,-73.98542,150,Entire place,3
9704,Spacious 1 bedroom in luxe building,New York,40.81305,-73.95466,55,Private room,2
9952,Paris petit coin douillet,Paris,48.86227,2.37134,75,Entire place,2
10452,Large B&B Style rooms,New York,40.6831,-73.95473,70,Private room,3
10586,Montmartre Studio 7,Paris,48.88902,2.34656,80,Entire place,4
10588,Montmartre Studio 10,Paris,48.88918,2.3449,75,Entire place,3
10710,"Calm  place in a ""bourgeois"" area !",Paris,48.879,2.31608,90,Entire place,4
10962,"Lovely Room 2; Garden; Best area, Legal",New York,40.66869,-73.9878,83,Private room,2
11156,An Oasis in the City,Sydney,-33.86934,151.22688,65,Private room,1
11170,QUARTIER LATIN APART,Paris,48.8467,2.35095,75,Entire place,2
11213,DOWNTOWN PARIS,Paris,48.8711,2.37424,170,Private room,6
11265,Elegant appartment in Montmartre,Paris,48.88434,2.34005,100,Entire place,2
11798,Loft very charming in Paris,Paris,48.82405,2.36828,110,Entire place,3
11834,"Roma ""Charming Boschetto House""",Rome,41.89574,12.49058,90,Entire place,2
11848,Swishy Cosy Paris Pad,Paris,48.86578,2.37705,50,Entire place,3
11943,Country space in the city,New York,40.63702,-73.96327,150,Private room,1
12192,ENJOY Downtown NYC!,New York,40.7229,-73.98199,40,Private room,2
12268,Faubourg Saint Antoine-chambrecalme,Paris,48.8509,2.38695,60,Private room,2
12343,BEST BET IN HARLEM,New York,40.81175,-73.94478,150,Entire place,3
12351,Sydney City & Harbour at the door,Sydney,-33.86515,151.1919,14315,Private room,2
12398,Casa Donatello - Home far from Home,Rome,41.92584,12.46809,73,Entire place,5
12452,Cozy apartment near Bastille,Paris,48.8596,2.3783,139,Entire place,4
12937,"1 Stop fr. Manhattan! Private Suite,Landmark Block",New York,40.74771,-73.9474,130,Private room,4
12940,Charming Brownstone 3 - Near PRATT,New York,40.68111,-73.95591,99,Entire place,2
13121,(E) RIGHT ON BUDGET,New York,40.67144,-73.76501,75,Private room,4
13394,Fort Greene brownstone,New York,40.69142,-73.97376,80,Private room,2
13808,Blue Room for 2 in Brownstone for $1350 monthly,New York,40.68064,-73.94039,81,Private room,2
14181,Beautiful apt close to the Vatican,Rome,41.91485,12.45321,187,Private room,1
14250,Manly Harbour House,Sydney,-33.80093,151.26172,470,Entire place,6
14264,Charming sunny 2BR in Montmartre !,Paris,48.88315,2.34158,90,Entire place,2
14290,* ORIGINAL BROOKLYN LOFT *,New York,40.7042,-73.9356,157,Entire place,2
14314,Greenpoint Place...Has It All!,New York,40.73506,-73.95392,99,Entire place,2
14322,Beautiful Apartment in Manhattan!!!,New York,40.73961,-73.98074,200,Entire place,1
14757,Lovely Studio Montmartre,Paris,48.89052,2.34453,75,Entire place,2
14941,Montmartre warm duplex and private yard,Paris,48.88365,2.33477,54,Entire place,4
15007,Blaauwberg House,Cape Town,-33.80001,18.46063,2408,Entire place,6
15068,Grande Bay,Cape Town,-33.78799,18.46082,2800,Entire place,6
15077,Top relaxed beach living in style,Cape Town,-33.85812,18.49043,1944,Private room,2
15180,The Melkbaai - Beachfront,Cape Town,-34.11124,18.82349,580,Entire place,2
15199,Self catering apartment,Cape Town,-33.91044,18.41239,2500,Entire place,2
15253,Unique Designer Rooftop Apartment in City Location,Sydney,-33.87964,151.2168,79,Private room,2
15285,Waterford-Guinea Fowl Self Catering,Cape Town,-34.03863,18.43128,1200,Entire place,4
15331,Mountview Accommodation,Cape Town,-33.97069,18.49697,596,Entire place,3
15348,MARSHROSE  LUXURY SELF CATER ACCOMMODATION,Cape Town,-33.86903,18.62519,573,Private room,2
15354,"Aurora Self Catering Units, Durbanville, Cape Town",Cape Town,-33.82924,18.63144,650,Entire place,3
15383,Beautiful apt in Montmartre w/ great terrace,Paris,48.88607,2.34504,99,Entire place,3
15385,"Very, very cozy place",New York,40.71185,-73.96204,80,Private room,1
15396,Sunny & Spacious Chelsea Apartment,New York,40.74623,-73.9953,375,Entire place,4
15409,VATICAN SAN PIETRO 5min From Vatican,Rome,41.89538,12.45022,100,Entire place,10
15480,In hip designer district of Cape T.,Cape Town,-33.92876,18.42247,550,Entire place,2
15704,Hollywood Mansion & Spa Camps Bay with Butler,Cape Town,-33.96462,18.37595,17900,Entire place,12
15711,2 bedroom Upper East Side,New York,40.77065,-73.95269,206,Entire place,6
16259,Chambery - luxury self catering,Cape Town,-33.99463,18.46505,871,Entire place,2
16276,B&B Calisto6 great location in Rome,Rome,41.88919,12.47107,37,Private room,3
16326,Comfortable 4-bedroom apt in family house.,New York,40.67811,-73.96428,200,Entire place,8
16338,Double Room w Private Deck Clinton Hill Best Area,New York,40.68985,-73.96948,45,Private room,2
16455,"Spacious, Light-Filled Apartment",Paris,48.83616,2.36323,70,Entire place,5
16580,"Sunny, Modern room in East Village!",New York,40.72649,-73.97904,53,Private room,2
16595,BRIDGE HAVEN~Full Floor Loft~Six Windows~Queen Bed,New York,40.70933,-73.96792,250,Entire place,2
16626,Luxury in St Michel,Paris,48.85324,2.34171,66,Private room,4
16821,Large Room in Amazing East Village Apt,New York,40.72298,-73.98474,74,Private room,1
16974,SpaHa Loft: Enormous and Bright,New York,40.80164,-73.93922,200,Entire place,8
17037,Lovely EV Artist's Home,New York,40.72162,-73.98008,250,Entire place,2
17270,VILLA CARRARA W SELF-CATERING-VIEWS renovated May,Cape Town,-33.91073,18.40866,1357,Entire place,4
17287,Your Loft / One of a kind / Paris,Paris,48.89566,2.38307,63,Entire place,5
17316,BEAUTIFUL APT IN PARIS CANAL ST MAR,Paris,48.87342,2.36239,150,Entire place,2
17604,2bdr Apartment 150mOstia Rome Beach,Rome,41.73469,12.2712,75,Entire place,4
17693,"HARLEM, NYC,STILL WELCOMES YOU!! xx",New York,40.8306,-73.94042,65,Private room,2
17747,BLUE TRIM GUEST HOUSE,New York,40.68346,-73.96374,95,Private room,2
17878,"Very Nice 2Br in Copacabana w. balcony, fast WiFi",Rio de Janeiro,-22.96592,-43.17896,221,Entire place,5
17918,Big Flat in Paris with a retro feel,Paris,48.88282,2.33272,110,Entire place,3
17919,A Room in Paris 9e Pigalle,Paris,48.88327,2.33292,65,Private room,1
17994,Center of paris: Louvre,Paris,48.86185,2.3434,250,Entire place,2
18127,Charming East Village One Bedroom Flat,New York,40.72828,-73.98801,176,Entire place,2
18195,King of Queens w/ Private Bathroom,New York,40.7459,-73.90764,70,Private room,2
18198,Little King of Queens,New York,40.75038,-73.90334,55,Private room,1
18499,Rooms in Halaal Villa Cape Town De Tijger,Cape Town,-33.88856,18.59054,863,Private room,6
18728,Beautiful Meatpacking District Loft,New York,40.74246,-74.00196,99,Private room,3
18764,Cozy 2 BR in Williamsburg,New York,40.71154,-73.96112,145,Private room,4
18961,Cozy Studio in Great Location!,New York,40.73808,-73.98001,95,Private room,2
19150,LOVELY  APARTMENT NEAR MONTMARTRE,Paris,48.88565,2.35906,80,Entire place,3
19159,Spacious luminous apt Upper West NYC,New York,40.82915,-73.95136,110,Entire place,3
19271,Largo House self catering suite,Cape Town,-33.97905,18.45676,475,Entire place,2
19282,"Sunny, Spacious Top Floor Haven",New York,40.65401,-73.96323,110,Private room,4
19306,PARIS ROMANTIC MAISONETTE,Paris,48.83811,2.3541,92,Entire place,4
19398,Apartments on the Beach,Cape Town,-33.73046,18.43966,5288,Entire place,5
19561,Apartment in Durbanville,Cape Town,-33.84192,18.67661,2926,Private room,4
19658,Private Room,Cape Town,-33.87058,18.53464,1454,Private room,2
19811,MARINA VIEWS,Cape Town,-34.08428,18.47585,4509,Entire place,8
19812,2 bedroom Williamsburg Apt - Bedford L stop,New York,40.71833,-73.95748,105,Entire place,2
20125,Double Bedr0om to Rent,Cape Town,-34.02811,18.48246,1381,Private room,2
20176,Dominic : Charming 1BR 39mÂ² Parisian apt in the 7th arr,Paris,48.85705,2.32525,134,Entire place,4
20263,Villa Honeywood Five Star Self Catering Villa,Cape Town,-34.13572,18.42007,5500,Entire place,6
20327,"Annie, Private Room 4 2",Cape Town,-33.88183,18.67086,1469,Private room,2
20403,Light and Bright Somerset,Cape Town,-34.10303,18.87076,8000,Entire place,8
20534,Trastevere - Cedro 1 Terrace Apartment (1 Bedroom),Rome,41.88992,12.46823,74,Entire place,3
20587,Trastevere - Cedro 4 Terrace Apartment (2 Bedroom),Rome,41.88992,12.46823,100,Entire place,5
20606,"Your own home in St. Peter, Rome",Rome,41.89689,12.45695,118,Entire place,7
20611,Cozy Bedroom in Williamsburg 3 BR,New York,40.71156,-73.96218,85,Private room,2
20670,ROOM TO LET,Cape Town,-34.09117,18.48396,1097,Private room,1
20699,Vintage Suite w/ Private Bath & AC,Rome,41.89291,12.50531,50,Private room,2
20717,Room in Brownstone B/Q feet away,New York,40.67832,-73.97243,50,Private room,2
20724,Sunny room+Pvte office in huge loft,New York,40.69898,-73.94025,50,Private room,2
20755,"Large Parlor Room, Landmark Home 1 block to PRATT",New York,40.68634,-73.966,98,Private room,3
20815,The Bosphorus from The Comfy Hill,Istanbul,41.06984,29.04545,889,Entire place,3
20823,TWO FLOORS apartment in Paris 5eme,Paris,48.83839,2.35371,98,Entire place,5
20913,Charming 1 bed GR8 WBurg LOCATION!,New York,40.70984,-73.95775,80,Entire place,2
21004,LUXURIOUS PENTHOUSE+ 80 SQM TERRACE,Paris,48.84,2.40067,200,Entire place,5
21097,Rooms in Family Home.,Cape Town,-33.87914,18.58121,735,Shared room,1
21167,A peaceful and very well located bedroom,Paris,48.89433,2.33693,47,Private room,2
21193,BLUE DOUBLE ROOM WITH TERRACE,Rome,41.91029,12.44703,50,Private room,2
21194,LOVELY STUDIO IN QUARTIER LATIN,Paris,48.83835,2.35398,80,Entire place,3
21249,"B&B 830, 10 min. from everything! - ROME",Rome,41.86272,12.54795,45,Private room,3
21264,"Paris holidays, with family or friends",Paris,48.8514,2.39189,80,Entire place,5
21282,Amazing aptmnt near Montmartre,Paris,48.88691,2.35483,65,Entire place,4
21419,charming heart of paris,Paris,48.86631,2.35033,65,Entire place,2
21456,Light-filled classic Central Park,New York,40.79764,-73.96177,85,Entire place,2
21644,"Upper Manhattan, New York",New York,40.82803,-73.94731,99,Private room,1
21794,COZY QUIET monthly room 4 DOOGLERS!,New York,40.74008,-74.00271,85,Private room,2
21860,Cute Nest (2p long term) Heart Paris/Louvre/Marais,Paris,48.86524,2.34807,64,Entire place,2
22158,Artist Loft with rooftop in the city center!,Paris,48.87039,2.32273,110,Private room,2
22335,4  Apartments in Navona square (unit 1),Rome,41.90028,12.46706,24,Entire place,6
22573,Splendido loft con pezzi di design nel cuore del Pigneto,Rome,41.89078,12.52634,70,Entire place,4
22930,Trastevere - Cedro 3 Terrace Apartment (1 Bedroom),Rome,41.88992,12.46823,70,Entire place,2
22979,Staying in the Heart of Paris!,Paris,48.85424,2.34975,70,Private room,2
22994,Heritage Home in Cape Town suburbs,Cape Town,-33.95733,18.4881,1024,Entire place,6
23135,House On Henry (3rd FLR Suite),New York,40.67967,-74.00154,125,Entire place,3
23175,Avocet Cape Town Villa - Rooms/B&B,Cape Town,-33.83305,18.49519,569,Private room,7
23441,Charming at Montmartre & rue Lepic- mobility lease,Paris,48.88451,2.33439,70,Entire place,2
23545,Upper Upper West Side Townhouse 2bd/2ba,New York,40.82748,-73.95069,200,Entire place,6
23686,2000 SF 3br 2ba West Village outdoor living house,New York,40.73096,-74.00319,459,Entire place,5
23742,2 bedrooms apartment in a quiet green neighborhood,Paris,48.86842,2.40702,120,Entire place,5
24260,Lovely place near Champs Elysees,Paris,48.87952,2.30543,76,Entire place,2
24285,Beautiful Duplex Apartment,New York,40.66941,-73.98109,180,Entire place,9
24480,Nice and cozy near Ipanema Beach,Rio de Janeiro,-22.9857,-43.20193,307,Entire place,2
24670,The Original Majestic Apartment - Kalk Bay,Cape Town,-34.12549,18.44792,2000,Entire place,4
25026,Beautiful Modern Decorated Studio in Copa,Rio de Janeiro,-22.97712,-43.19045,160,Entire place,2
25235,Large 2 Bedroom Great for Groups!,New York,40.68373,-73.92377,110,Entire place,6
25406,"Modern Brooklyn Apt., August sublet",New York,40.71459,-73.94844,83,Entire place,4
25696,"1,800 sq foot in luxury building",New York,40.8104,-73.94309,100,Private room,2
25875,Your holiday next to St. Peter,Rome,41.89689,12.45695,645,Entire place,7
26012,Sunny 2-story Brooklyn townhouse w deck and garden,New York,40.68157,-73.98989,200,Entire place,6
26277,Charming 1 bd - heart of Paris,Paris,48.86267,2.34174,100,Entire place,4
26362,"Times Square, Safe, Clean and Cozy!",New York,40.75527,-73.99291,64,Private room,1
26520,"Cozy Room #3, Landmark Home 1 Block to PRATT",New York,40.68698,-73.96572,98,Private room,3
26562,The Eiffel Tower as your neighbour,Paris,48.85339,2.29097,120,Entire place,3
26567,Cosy Temp Apt for summer + with View,Paris,48.89713,2.32254,49,Entire place,2
26785,Park Slope Green Guest House,New York,40.66853,-73.98912,90,Entire place,3
26827,UN LOFT A PARIS BELLEVILLE,Paris,48.87426,2.38511,97,Entire place,2
26828,world cup accomodation,Cape Town,-33.93596,18.46945,6612,Entire place,3
26957,Calisto6 B&B in the heart of Rome,Rome,41.88788,12.47151,37,Private room,2
26969,2 story family home in Williamsburg,New York,40.71942,-73.95748,200,Entire place,6
27006,Comfortable UWS 2-BD Family-Friendly Brownstone,New York,40.77823,-73.97637,225,Entire place,4
27008,Cosy room in a loft - PÃ¨re Lachaise,Paris,48.8631,2.39527,50,Private room,2
27271,Lovely apartment in perfect location,Istanbul,41.03254,28.98153,269,Entire place,2
27288,"Beautiful, huge, very Parisian",Paris,48.88562,2.37157,125,Entire place,4
27644,Sugar Hill Rest Stop,New York,40.82754,-73.94919,170,Entire place,6
27759,apartment next to Central park,New York,40.77842,-73.97556,170,Entire place,2
27816,*Rome CAMPO de FIORI Lovely Romantic Studio*,Rome,41.89603,12.47174,55,Entire place,2
27883,East Village Sanctuary,New York,40.72245,-73.98527,100,Entire place,3
27934,Nice room with superb city view,Bangkok,13.76,100.54269,1649,Entire place,3
27942,Town House (1) bedroom available,Bangkok,13.73463,100.4754,901,Private room,1
27979,"Easy going landlord,easy place",Bangkok,13.66746,100.6154,1141,Private room,2
28318,Cosy home overlooking Bosphorus,Istanbul,41.09048,29.05559,928,Entire place,2
28354,Place near Metro and Shopping Mall ( Monthly only),Bangkok,13.8097,100.56527,1049,Entire place,2
28702,Waterford-Paddaplek Self Catering,Cape Town,-34.03765,18.43083,800,Hotel room,2
28707,Waterford-Sunbird  B&B Suite,Cape Town,-34.03644,18.431,800,Entire place,2
28745,modern-style apartment in Bangkok,Bangkok,13.75379,100.62422,800,Private room,2
28907,Garden studio in the Upper East Sid,New York,40.778,-73.94822,150,Entire place,4
28929,"Luminous Trastevere Apartment, WiFi, Balcony, Lift",Rome,41.88331,12.46576,139,Entire place,7
29013,B & B Room 1,New York,40.68332,-73.9547,70,Private room,2
29108,At home 650sqftVILLAGE PÃˆRE LACHAISE,Paris,48.85694,2.40279,75,Entire place,4
29124,Montmartre Village:fantastic views!,Paris,48.88472,2.33972,51,Entire place,4
29241,"â†ª Istanbul, Your second house",Istanbul,41.04844,28.95254,371,Private room,3
29606,"PROSECCO in the GARDEN, steps to VATICAN+COLOSSEUM",Rome,41.87855,12.45142,50,Entire place,7
29628,Sunny Room in New Condo,New York,40.68414,-73.96351,89,Private room,2
29683,Stylish Apartment with office space Near SoHo!,New York,40.72392,-73.99143,125,Entire place,3
29902,Villa Lauretana for families/friend,Rome,41.78628,12.53519,90,Entire place,7
30031,NYC artistsâ€™ loft with roof deck,New York,40.73494,-73.9503,49,Private room,2
30697,nice home in popular area,Istanbul,41.0335,28.97626,896,Private room,2
31058,WellnessInnRome Shortlet 2 people,Rome,41.90706,12.50129,69,Private room,2
31102,Rome cheap small cozy confy room,Rome,41.87675,12.54166,14,Private room,1
31130,Most Central Location!,New York,40.76921,-73.98328,99,Private room,2
31359,"Halaal Guesthouse Parow North, WiFi, pet friendly",Cape Town,-33.84955,18.66676,541,Private room,3
31430,IRIS - 12 MIN TO COLOSSEO BY METRO,Rome,41.93152,12.51622,40,Private room,2
31435,Stylish Flat + Sunny Balcony Paris,Paris,48.89119,2.35516,70,Entire place,2
31464,Warm Apartment with a Hi-Fi Stereo and Quaint Balcony,Rome,41.9149,12.54632,49,Private room,2
31555,Luminous Beautiful West Village Studio,New York,40.73442,-74.00303,150,Entire place,2
31652,Magnifique studio parisien,Paris,48.83699,2.3207,70,Entire place,1
31893,Nice appartment in Place d'Italie,Paris,48.82927,2.35672,85,Entire place,4
31902,Sanctuary in East Flatbush,New York,40.63188,-73.93248,80,Private room,2
31994,Room with En Suite Bathroom & Deck,New York,40.68818,-73.96383,85,Private room,2
32023,Flat Macdonough,New York,40.68296,-73.93662,125,Entire place,4
32037,Huge Private  Floor at The Waverly,New York,40.68513,-73.96648,139,Private room,3
32082,BEAUTIFUL APARTMENT PARIS BASTILLE,Paris,48.85069,2.37311,170,Entire place,2
32329,Fully Furnished Beautiful 1 Bedroom,New York,40.72895,-73.98377,160,Entire place,1
32965,FLAT MACDONOUGH GARDEN,New York,40.68281,-73.93524,115,Entire place,6
33004,flat to rent during the summer,Paris,48.87842,2.35029,114,Entire place,2
33009,Retreat in Williamsburg,New York,40.71492,-73.95935,195,Entire place,2
33014,NYC Zen,New York,40.72354,-73.98295,125,Entire place,3
33114,"1-Bedroom: Paris 5th, Latin Quarter",Paris,48.83977,2.35682,88,Entire place,2
33156,"Sunny, Clean Zen Home w pr.Bath",New York,40.78849,-73.96883,150,Entire place,2
33210,PERFECT LOCATION! GREAT RATES! BEST,Paris,48.85486,2.32885,129,Entire place,2
33341,Home near the Eiffel Tower,Paris,48.83887,2.29526,80,Entire place,2
33368,Deluxe double bedroom @ Nisantasi,Istanbul,41.05382,28.99739,475,Private room,2
33814,"2/3 rooms70m2 PARIS quiet, bright, 2 big balconies",Paris,48.82481,2.32332,150,Entire place,4
33993,Gardened Terrace Flat in Montmartre,Paris,48.89074,2.33346,193,Entire place,2
34453,Bienvenue Ã  Opera Bastille,Paris,48.85043,2.37111,60,Private room,3
34760,Sunny Room in Old Historical Brooklyn Townhouse,New York,40.69101,-73.97312,74,Private room,2
34925,A room in galata beyoglu,Istanbul,41.02704,28.97588,511,Private room,1
35065,Lovely Loft Saint-Germain des Pres,Paris,48.85284,2.32517,103,Entire place,2
35580,Sea View terrace  House,Istanbul,41.03658,28.97213,269,Entire place,2
35636,Cosy flat close to Ipanema beach,Rio de Janeiro,-22.98816,-43.19359,273,Entire place,2
35656,Nice townhouse,Bangkok,13.82622,100.6694,4496,Private room,2
35697,Very nice flat batignolles district,Paris,48.88743,2.31811,115,Entire place,4
35764,COPACABANA SEA BREEZE  -  RIO - 20 X Superhost,Rio de Janeiro,-22.98127,-43.19046,135,Entire place,2
35780,Spacious one bedroom at The Kris Condo Bldg. 3,Bangkok,13.78827,100.57064,800,Private room,2
35797,Villa Dante,Mexico City,19.38399,-99.27335,4088,Entire place,2
35807,The escape Condo,Bangkok,13.67388,100.60905,1649,Private room,2
35875,Asoke Place Condo,Bangkok,13.74296,100.58621,2998,Private room,3
35938,Cosy Room in Istanbul Center,Istanbul,41.04913,28.99666,557,Private room,2
36223,da nonna maria b&b near center,Rome,41.90896,12.51953,39,Private room,4
36267,Titon FaubourgSaint-AntoineBastille,Paris,48.85145,2.38703,110,Entire place,5
36347,"Cosy, Downtown Loft with Mountain Views over Rooftop Deck",Cape Town,-33.92456,18.42238,614,Entire place,2
36442,Great location. Spacious 2BR near PROSPECT PARK,New York,40.67447,-73.96619,121,Entire place,4
36458,Malls*BTS:E10>350m*WiFi*Clean*Flexible*Foods*Safe,Bangkok,13.69952,100.60195,518,Entire place,3
36483,"Stylish Studio With Kitchenette,Pool,Parking &Wifi",Cape Town,-33.8212,18.48323,550,Private room,2
36485,Stunning Studio Close To The Beach Cape Town,Cape Town,-33.81849,18.48452,550,Private room,2
36490,Low budget in a residential area,Paris,48.83731,2.40396,32,Private room,2
36499,Lovely Garden Cottage Close To The Beach Cape Town,Cape Town,-33.81933,18.48403,550,Entire place,2
36586,Charming sunny 1BR Buttes Chaumont,Paris,48.88047,2.39408,53,Entire place,1
36647,Private Bdrm/Bathrm. New! Elevator!,New York,40.79295,-73.93997,59,Private room,2
36703,"Sunny, clean 1 bdrm in W. Village",New York,40.73226,-74.00401,200,Entire place,2
36868,Great family size apt near park !,Paris,48.88257,2.38782,1800,Entire place,4
37054,Anna Home at Roman Forum,Rome,41.89484,12.48758,72,Entire place,2
37305,Casa Pariolina - Suite The Romantic,Rome,41.92293,12.48844,88,Private room,2
37307,Casa Pariolina-Suite Villa Borghese,Rome,41.923,12.48781,88,Entire place,3
38650,Bastille/10m2 Ã  la Roquette,Paris,48.85371,2.37672,45,Entire place,2
38663,Luxury Brownstone in Boerum Hill,New York,40.68559,-73.98094,650,Entire place,13
38871,"Special promotion for ""Stylish and convenient""",Paris,48.83344,2.34601,80,Entire place,4
39267,CENTRAL PARK LOFT all for YOU,New York,40.77456,-73.95323,99,Entire place,4
39282,â€œWork-from-homeâ€ from OUR home.,New York,40.71088,-73.95055,50,Private room,2
39572,1 br in a 2 br apt (Midtown West),New York,40.76233,-73.98854,139,Private room,2
39586,Big room w/private bathroom and great Hudson view,New York,40.77953,-73.98829,92,Private room,2
39593,A room of own with a Manhattan view,New York,40.74559,-73.92313,73,Private room,1
39651,Charming Studio close to Bastille,Paris,48.8493,2.39022,59,Entire place,2
39666,Paris 5 Star Luxury Ile Saint-Louis #7510404177410,Paris,48.85172,2.35504,659,Entire place,2
39704,"Private, Large & Sunny 1BR w/W&D",New York,40.68306,-73.94659,135,Entire place,4
39948,COSY INDEPENDENT ROOM IN CENTRAL PARIS,Paris,48.87064,2.3451,85,Entire place,2
40143,Stylish & Design 1BR flat- Voltaire Bastille,Paris,48.85672,2.37771,139,Entire place,4
40174,"Great, central Paris rental!",Paris,48.85362,2.36336,87,Entire place,2
40775,Great Flat to Rent in Paris Center,Paris,48.86375,2.37586,85,Entire place,5
40899,Lovely flat Canal Saint Martin,Paris,48.87549,2.37224,34,Entire place,2
40911,The White & Cosy Flat,Paris,48.88787,2.31093,105,Entire place,4
41077,Bed&Breakfast The Welcoming Dragon,Paris,48.82515,2.3627,99,Hotel room,2
41106,"STYLE&COMFORT@LE MARAIS, what else?",Paris,48.85768,2.35545,120,Entire place,3
41198,"Modern 2bed,Top end of Copacabana",Rio de Janeiro,-22.97962,-43.1923,484,Entire place,5
41745,Charmant loft en duplex au calme da,Paris,48.8693,2.37163,79,Entire place,2
41753,Ã–rÃ¼cÃ¼ Palace / Princess Apartment,Istanbul,41.02725,28.97718,529,Entire place,5
42300,Beautiful Lower East Side Loft,New York,40.71824,-73.99315,450,Entire place,4
42348,tres beau studio Ã  tres bon PRIX,Paris,48.8783,2.33966,54,Entire place,2
42507,"Calm, Renovated, Equipped, on the Canal & Metro",Paris,48.88868,2.37544,78,Entire place,4
42729,House On Henry (2nd FLR Suite),New York,40.67854,-74.00284,125,Entire place,2
42829,*COLOSEUM Front* Opera Theater Apt*,Rome,41.90071,12.49646,78,Entire place,7
42882,New York room with a view,New York,40.64633,-74.08156,70,Private room,2
43027,Montmartre by foot ! Beautiful & cosy 70m2,Paris,48.88747,2.32604,150,Entire place,4
43355,STUDIO REPUBLIQUE  CANAL  ST MARTIN,Paris,48.86965,2.36719,60,Entire place,2
43726,"Apartment in Tribeca, NYC Panoramic VIEWS~",New York,40.71915,-74.01017,250,Entire place,6
43912,Beautiful countryside villa - Rome,Rome,42.05602,12.48512,65,Entire place,4
44123,Le Marais - L'Ã®le St-Louis,Paris,48.85329,2.35978,162,Entire place,6
44198,Paris's Heart Peaceful Duplex 43m2,Paris,48.87135,2.35705,89,Entire place,4
44229,BROOKLYN VICTORIAN STYLE SUITE.....,New York,40.69098,-73.97113,110,Private room,2
44288,CO-VID IMMUNE! Entire studio in West Village,New York,40.73756,-74.00405,170,Entire place,2
44334,Purple House on Jarvis B&B,Cape Town,-33.91405,18.41575,1614,Private room,2
44421,Beautiful Studio With A View,Istanbul,41.03089,28.98054,834,Private room,2
44429,"Cozy, central, lovely&check out the bathroom!*",Istanbul,41.03082,28.97958,314,Entire place,3
44442,In the very heart of Old Rome,Rome,41.89431,12.47246,89,Entire place,6
44545,Sunny Darlinghurst Warehouse Apartment,Sydney,-33.87888,151.21439,130,Entire place,2
44616,CONDESA HAUS  B&B,Mexico City,19.41006,-99.17645,7293,Entire place,14
45175,Appartement XIX century near Buttes,Paris,48.87564,2.38717,63,Private room,2
45542,Clean and Cozy Harlem Apartment,New York,40.82374,-73.9373,100,Entire place,4
45556,"Fort Greene, Brooklyn: Center Bedroom",New York,40.68834,-73.97578,65,Private room,2
45630,room in anice 40m2 flat/great view!,Paris,48.89078,2.3601,36,Private room,2
45661,"Very Heart of Paris, Charming",Paris,48.86843,2.3475,50,Entire place,2
45859,"Condo near Sathon, BTS & Riverside",Bangkok,13.71843,100.50781,1500,Entire place,2
45910,Beautiful Queens Brownstone! - 5BR,New York,40.70382,-73.89797,395,Entire place,16
45935,Room in Beautiful Townhouse.,New York,40.8064,-73.92395,60,Private room,1
45936,Couldn't Be Closer To Columbia Uni,New York,40.8063,-73.95985,75,Private room,2
45967,Palais Royal central 2 beds 450ft2,Paris,48.86603,2.34019,90,Entire place,4
46544,Park Slope haven 15 mins from Soho,New York,40.67994,-73.97863,150,Entire place,2
46669,Sotto il cielo di Roma B&B (Sole),Rome,41.85056,12.47259,50,Private room,3
46911,Large Room in private Brownstone in Park Slope,New York,40.67868,-73.97307,100,Private room,2
47149,A due passi da San Pietro da Simona,Rome,41.88066,12.45739,82,Private room,2
47155,Charming appartment in paris 16 Ã¨me,Paris,48.84299,2.25845,90,Entire place,3
47213,Sotto il cielo di Roma B&B (Luna),Rome,41.8522,12.47255,50,Private room,3
47264,Kurucesme stunning seaview peacfull Flat,Istanbul,41.06464,29.0358,408,Entire place,3
47377,Double Room in Taksim,Istanbul,41.03467,28.98902,371,Private room,1
47613,"BIG, COMFY ROOM W/YARD IN WILL-B",New York,40.71217,-73.94713,81,Private room,1
48305,"Beach Block 6bed Penthouse, Ipanema Best Location!",Rio de Janeiro,-22.98599,-43.20299,1751,Entire place,13
48346,Charming Apartment in Kuzguncuk,Istanbul,41.03485,29.03155,539,Entire place,4
48584,Le Marais Beautreillis Place des Vosges,Paris,48.85316,2.36302,149,Entire place,4
48592,Champs Elysees Franklin Roosevelt,Paris,48.87204,2.30966,181,Entire place,5
48719,Designer 1 BR Duplex w/ Terrace- Spectacular Views,New York,40.71882,-73.98852,192,Entire place,2
48736,Condo with Chaopraya River View,Bangkok,13.68704,100.49714,1351,Private room,2
48901,Confortable 4BD 3.5BT Atlantic avenue,Rio de Janeiro,-22.96574,-43.17514,540,Entire place,8
49179,Djalma Ocean View Studio with Amazing Views #100A,Rio de Janeiro,-22.9791,-43.19008,160,Entire place,3
49206,A Due Passi Da Trastevere,Rome,41.88038,12.45725,45,Private room,3
49240,PANTHEON CHARMING ACCOMODATION,Rome,41.89738,12.476,172,Entire place,6
49332,BASTILLE CENTER LARGE 2 ROOMS 50M2,Paris,48.85538,2.37626,120,Entire place,3
49372,The Seed Condo,Bangkok,13.6249,100.41585,649,Private room,2
49955,A room with a view of Bosphorous.,Istanbul,41.01717,28.96325,449,Private room,1
50294,Beach Block Suites in Ipanema Best Location,Rio de Janeiro,-22.98584,-43.20305,782,Entire place,6
50333,Bright&Cosy Penthouse Overlooking St. Peter's Dome,Rome,41.91487,12.45485,80,Entire place,3
50385,Tiny but Special Studio apartment!,Rome,41.8877,12.52558,42,Entire place,2
50447,"Lovely Apt & Garden;  Legal; Amenities, Spotless",New York,40.66932,-73.98982,99,Entire place,3
50471,Cozy bright Loft in Trastevere,Rome,41.882,12.4673,44,Entire place,4
50677,Sunny 2rooms  in Heart  of  Marais,Paris,48.85715,2.3573,100,Entire place,2
50738,Montmartre Studio 8,Paris,48.88752,2.34536,85,Entire place,4
50759,4 Suites lake front Barra da Tijuca,Rio de Janeiro,-23.00307,-43.30911,3382,Entire place,12
51438,1 Bedroom in 2 Bdrm Apt- Upper East,New York,40.77333,-73.95199,130,Private room,1
51703,"Ocean view, block of the beach, Copacabana,Ipanema",Rio de Janeiro,-22.98128,-43.19091,140,Entire place,2
51850,( F) Excellent/Pvt Rm,New York,40.67144,-73.76501,65,Private room,2
52465,roma centro storico,Rome,41.89568,12.49858,60,Private room,1
52805,CasaMastro,Rome,41.88891,12.51287,62,Entire place,7
52828,Prince(Garden Apart),Istanbul,41.02752,28.97858,529,Entire place,5
53203,"Sanniti apartment, San Lorenzo stylish top floor",Rome,41.89773,12.51629,67,Entire place,6
53265,Nice & bright apt in St. Peter,Rome,41.89815,12.4554,58,Entire place,3
53322,Roma Campo de fiori Studio Gio,Rome,41.89473,12.47468,76,Entire place,2
53325,Roma STUDIO BLU- CAMPO DE FIORI,Rome,41.89659,12.4744,50,Entire place,2
53353,Rare 18th century washhouse convert,Paris,48.88985,2.35066,143,Entire place,4
53469,cozy studio with parking spot,New York,40.71722,-73.87856,107,Entire place,4
53470,Clean and convenient 2BR apartment,New York,40.70234,-73.89816,167,Private room,7
53477,3 floors of luxury!,New York,40.71546,-73.87854,350,Entire place,12
53670,Cozy and quiet  flat  few blocks bytheColisseum,Rome,41.89694,12.49117,115,Entire place,3
53734,Beautiful 2BR in north Marais : long term (1 YEAR),Paris,48.86756,2.36909,130,Entire place,3
53844,Gorgeous studio Monti area 4 blocks bytheColisseum,Rome,41.89654,12.49113,100,Entire place,3
53923,Le Marais' Best Kept Secret- 1BR/1B,Paris,48.85933,2.36806,76,Entire place,4
54377,Charming duplex flat (50m2) near subway (Line 12),Paris,48.89057,2.35902,72,Entire place,3
54466,Beautiful Uptown Manhattan apartmnt,New York,40.80234,-73.95603,200,Private room,2
54508,Sml Rm  Brst  PSl great for longer stays Med/Stu,New York,40.6787,-73.97262,50,Private room,2
54544,City Room - Private Penthouse Apt.,New York,40.81035,-73.94598,161,Entire place,5
54694,(H) Great Deal/Pvt Rm,New York,40.67144,-73.76501,65,Private room,2
54730,Huge Bright Sunny 3 Bedroom 2 Bathroom in Fresnaye,Cape Town,-33.9216,18.38895,861,Entire place,2
54860,Great apartment with private bathroom and entrance,New York,40.79958,-73.94275,100,Private room,2
54991,la Casetta di Tiziana near the imperial Rome,Rome,41.87469,12.50516,36,Entire place,3
55071,Amazing 1 bedroom near Montmartre,Paris,48.87937,2.34331,110,Entire place,3
55239,"Luxury, Calm & Pleasure in 915 sqf.",Paris,48.8726,2.31477,355,Entire place,4
55348,TOP LUXURY MARAIS DESIGN STUDIO APT,Paris,48.85816,2.36028,117,Entire place,2
55681,Sathorn Terrace Apartment(61),Bangkok,13.7197,100.51726,796,Private room,2
55686,Comfy bedroom near River pier & BTS  Taksin.,Bangkok,13.71924,100.5153,2175,Hotel room,2
55710,Luxury and Elegant Apartment near St. Peter,Rome,41.89723,12.45127,126,Entire place,6
55982,Cozy 2 br in sunny Fort Greene apt,New York,40.68656,-73.97525,85,Private room,1
56074,Great space in historical San Rafael,Mexico City,19.43778,-99.15549,600,Entire place,2
56525,1 Bedroom Loft w/ Private Roof Deck,New York,40.729,-73.95829,245,Entire place,2
56662,180Â°view penthouse terrace jacuzzi- mobility lease,Paris,48.87516,2.38382,150,Entire place,4
56801,"ForMyFriends B&B 2 - Rome, Vatican",Rome,41.91031,12.45788,122,Private room,2
56859,City Room - Private & Comfy Bedroom,New York,40.81219,-73.94499,78,Private room,2
57166,Elegant NYC Pad,New York,40.77185,-73.90502,119,Entire place,4
57297,"Clean & bright 1BR in Cobble Hill, GREAT location!",New York,40.68926,-73.99386,127,Entire place,3
57468,"Modern, Large East Village Loft",New York,40.72821,-73.98701,140,Entire place,2
57618,"Great new apt, close to everything",New York,40.7672,-73.98508,250,Entire place,4
57754,Stylish Large SPARKLING Gramercy Loft!,New York,40.7403,-73.98498,250,Entire place,2
57874,The Brownstone-Luxury 1 Bd Apt/NYC,New York,40.80931,-73.94343,157,Private room,2
57982,Romantic getaway in Campo dei Fiori,Rome,41.89687,12.47044,64,Entire place,3
57996,A week in Rome? Rent my home!,Rome,41.8807,12.44767,40,Entire place,2
58059,Private Room on Historic Sugar Hill,New York,40.8251,-73.94287,41,Private room,2
58062,South Slope Green,New York,40.65912,-73.9842,139,Private room,4
58137,LOGGETTA DI TRASTEVERE B&B  Livia,Rome,41.88591,12.46746,100,Private room,2
58273,Loggetta di Trastevere apartment,Rome,41.88562,12.46708,314,Entire place,6
58343,LOGGETTA DI TRASTEVERE B&B  Augusta,Rome,41.887,12.46711,110,Private room,2
58352,Value for money in Rome center,Rome,41.89264,12.50463,69,Entire place,4
58441,Private  studio bestlocation@Taksim,Istanbul,41.0385,28.98189,269,Entire place,2
58467,"17 Flr. Manhattan Views, Nr. Subway",New York,40.76193,-73.9501,99,Private room,2
58506,"Studio Yindi @ Mosman, Sydney",Sydney,-33.81927,151.23652,140,Entire place,4
58569,centrally located flat with terrace,Paris,48.87455,2.35124,86,Entire place,2
58955,Entire beautiful duplex in la Roma,Mexico City,19.42292,-99.15775,1487,Entire place,2
59014,"Spacious 1BR, Adorable Clean Quiet",New York,40.72052,-73.98589,150,Entire place,2
59121,"Nice, clean, safe, convenient 3BR",New York,40.70411,-73.89934,186,Entire place,9
59182,Champs Elysees at your feet - quiet 1bdr penthouse,Paris,48.87082,2.29138,57,Entire place,2
59221,budget hotel bangkok near subway,Bangkok,13.7791,100.57352,910,Entire place,2
59297,3-bedroom house Erskineville Sydney Central,Sydney,-33.90199,151.19305,310,Entire place,7
59508,3 bdr Artist Studio in Montparnasse,Paris,48.83329,2.33063,84,Entire place,6
59709,"Artistic, Cozy, and Spacious w/ Patio! Sleeps 5",New York,40.71756,-73.99503,160,Entire place,5
59749,WellnessInnRome ShortLet 11people,Rome,41.90613,12.5006,240,Entire place,11
59855,One bedroom Apt. in NYC,New York,40.7589,-73.96991,250,Entire place,4
59959,"PARIS 19  : space, light and view with balcony",Paris,48.89368,2.38419,130,Entire place,4
60164,"Beautiful, elegant 3 bed SOHO loft",New York,40.71947,-74.00372,500,Entire place,6
60296,Apartment Cape Town,Cape Town,-33.94067,18.41885,918,Entire place,6
60300,Enjoy apartment luxury in Rome,Rome,41.89862,12.49831,565,Entire place,14
60457,Spacious Greenwich Village Apt,New York,40.73194,-73.99474,250,Entire place,3
60611,SpaHa Studio Monthly Rental,New York,40.79163,-73.94573,77,Entire place,2
60666,City Room - Private Luxury Suite,New York,40.8118,-73.94434,110,Private room,3
60673,Private Room/bath Luxurious Harlem,New York,40.81583,-73.94707,125,Private room,2
60680,"Bright, High Ceiling, Spacious & Cozy 1BR - Enjoy!",New York,40.72598,-73.97978,99,Entire place,6
60684,Loog Choob Homestay: A family suite,Bangkok,13.75875,100.515,4400,Private room,4
60794,"Bright and spacious, garden below!",New York,40.80021,-73.96071,211,Entire place,6
61000,Apt.@Pinklao near shopping mall,Bangkok,13.77946,100.47435,751,Entire place,2
61016,THE AUTHENTIC PARISIAN BOBO-LOFT IN BELLEVILLE,Paris,48.87332,2.38002,150,Entire place,4
61167,Colorful Private One Bedroom Apt,New York,40.71961,-73.9954,135,Entire place,4
61259,Charming apartment Canal St Martin,Paris,48.87477,2.36314,108,Entire place,2
61459,Arc de Triomphe area Sweet Home,Paris,48.87676,2.29362,70,Entire place,4
61509,"Quiet, clean midtown apt w. elevato",New York,40.75749,-73.96897,110,Entire place,3
61721,"2br Eclectic Stylish Home, 2 mins to Bondi Beach",Sydney,-33.8889,151.27726,245,Entire place,4
61792,Spacious Clean Quiet room (own bath) in la Condesa,Mexico City,19.41259,-99.17959,1239,Private room,2
62172,Central Location Taksim/Cihangir,Istanbul,41.03442,28.98561,718,Private room,3
62217,Luxury@swimpool/FreeWiFi/nearJJMkt,Bangkok,13.7927,100.53968,3602,Private room,2
62264,Big Luminous Private Room - Williamsburg Bedford L,New York,40.72159,-73.96018,65,Private room,1
62427,Great East Village Apartment Rental,New York,40.7268,-73.99079,130,Entire place,2
62452,A SpeciaL!! Private Room in NY,New York,40.63536,-74.08537,30,Private room,2
62461,B NYC Staten Alternative...,New York,40.63627,-74.08543,30,Private room,2
62468,"Great Apt, Great Location",New York,40.79323,-73.97267,170,Entire place,2
62787,C Private Room By The Ferry,New York,40.63518,-74.08546,30,Private room,2
62817,Quiet room in central apartment,Istanbul,41.03638,28.9909,327,Private room,1
62891,Smallest House In The Village,New York,40.72477,-73.98161,175,Entire place,3
62903,Beautiful modern studio apartment in heart of NYC,New York,40.74116,-73.99414,205,Entire place,2
62925,Beautiful Landmarked Duplex,New York,40.72945,-73.95511,285,Entire place,4
63092,"LA CASA DEI GERANI, for up to 5+BABY!! AIRCON,WIFI",Rome,41.93106,12.52352,89,Entire place,5
63229,A cozy room with private bathroom,Rome,41.87349,12.45792,22,Private room,2
63320,D Private Che@p Room 2 Explore NYC,New York,40.63692,-74.08591,30,Private room,2
63480,"Notre Dame Latin Quarter: 1BR Flat, Central Paris",Paris,48.85082,2.34951,170,Entire place,3
63588,LL3,New York,40.81309,-73.85514,89,Private room,3
63610,DOMINIQUE'S NY mini efficiency pad** A Rare Find**,New York,40.881,-73.83511,91,Entire place,2
63657,"Private, Large & Sunny Top Floor Apt  w/W&D",New York,40.68236,-73.94314,135,Entire place,2
63693,Cottage in the Village,New York,40.72185,-73.98246,390,Entire place,4
63913,"Hosting Your  Sunny, Spacious NYC Room",New York,40.86648,-73.9263,64,Private room,2
64000,Williamsburg loft bunk bed /6 floor l,New York,40.7069,-73.95467,34,Private room,1
64015,Prime East Village 1 Bedroom,New York,40.72807,-73.98594,200,Entire place,2
64107,BROOKLYN  STUDIO APARTMENT,New York,40.6778,-73.94339,100,Private room,2
64117,5 min to Notre Dame - Le Marais,Paris,48.85556,2.35606,95,Entire place,2
64314,cozy bedroom in lovely garden apt,New York,40.6761,-73.9529,75,Private room,2
64365,Crown Heights Garden Apt.,New York,40.67586,-73.95155,60,Private room,3
64683,Attic Sannio with terrace,Rome,41.88307,12.50436,35,Entire place,4
64795,Ipanema amazing 3 BDRs apartment.,Rio de Janeiro,-22.98178,-43.20076,314,Entire place,5
64837,ENJOY Downtown NYC!!,New York,40.72321,-73.98157,40,Private room,2
65029,Best Area Central Island Free Cruise + Free WIFI,Paris,48.85117,2.35815,92,Entire place,3
65104,"Central 3bdr apt , A/C, WIFI",Rome,41.88301,12.51498,70,Entire place,7
65126,Large Garden Apartment in Bondi.,Sydney,-33.88478,151.26779,170,Entire place,4
65200,10 min from Manhattan!,New York,40.68027,-73.94433,36,Private room,2
65268,Share a HOME - $75 for 1 bdrm/++ for 2 - Brooklyn,New York,40.68276,-73.95264,75,Private room,3
65425,Entire 2 Bedroom Apartment,New York,40.71856,-73.99307,99,Entire place,5
65546,"Beach Block 3bed Penthouse, Ipanema Best Location!",Rio de Janeiro,-22.98599,-43.20299,1263,Entire place,6
65615,Farmhouse Apartment in Williamsburg,New York,40.71069,-73.95175,85,Entire place,2
65658,PONTE TESTACCIO LOFT,Rome,41.87518,12.46915,70,Entire place,3
65660,Bright+Spacious Williamsburg Abode!,New York,40.70863,-73.94641,95,Entire place,3
65813,"Suite Sugar Hill, Harlem, Private Rm in Hosted Apt",New York,40.82888,-73.94307,75,Private room,1
65834,Beautiful 1 Bedroom Apt Park Slope,New York,40.67319,-73.97323,176,Entire place,2
65916,Lovely studio in the Heart of Paris,Paris,48.87188,2.35649,100,Entire place,2
66008,CHARMING CARROLL GARDENS APT.,New York,40.67819,-73.99266,190,Entire place,4
66009,Comfort & space in the heart of Paddington,Sydney,-33.88327,151.22725,90,Private room,4
66046,"24Flr- 1br Apt near JJ, MRT, BTS",Bangkok,13.82298,100.56484,1049,Entire place,4
66251,East Village Loft with Piano & Patio,New York,40.72681,-73.98534,285,Entire place,2
66275,Lower East Side Magic Apartment Entire Apartment!!,New York,40.72078,-73.99418,65,Entire place,5
66494,apartment at 2 stops to coliseum air conditioning,Rome,41.87046,12.48254,39,Entire place,6
66574,Beach apart in Rio (January/February 2020),Rio de Janeiro,-22.92873,-43.17473,180,Entire place,4
66718,West Harlem Home Base - Eco-Apt.,New York,40.81322,-73.95306,135,Entire place,5
66741,Charming Garden Apt in Park Slope,New York,40.67732,-73.98225,150,Entire place,5
66797,Studio Apart  for rent in ipanema.,Rio de Janeiro,-22.98463,-43.19563,145,Entire place,2
66974,"Lovely, Modern, Garden Apartment",New York,40.68076,-73.9896,140,Entire place,3
67112,Quiet base to explore Sydney,Sydney,-33.915,151.1403,75,Private room,2
67151,Clean & Private Social Distancing 4 BD (Top Floor),New York,40.70148,-73.91139,110,Entire place,4
67288,Central Park 1BR sunny condo,New York,40.79544,-73.94836,99,Entire place,2
67299,Cozy Garden Apartment  in Williamsburg,New York,40.71492,-73.96282,60,Entire place,4
67397,SoHa comfort-by NW Central Park!,New York,40.80332,-73.95741,122,Private room,2
67439,Devil's Peak -  Separate Apartment,Cape Town,-33.93478,18.42704,350,Entire place,2
67703,"2 bedroom apt. deco bldg, Condesa",Mexico City,19.41375,-99.17028,1962,Entire place,4
67925,Charming studio in 15th centerParis,Paris,48.84612,2.28439,45,Entire place,1
68253,Room in the heart of Astoria,New York,40.76336,-73.92099,55,Private room,1
68305,Your Home Away From Home,New York,40.83035,-73.94933,75,Private room,1
68422,Copacabana Beach Living+AirConWiFi,Rio de Janeiro,-22.98498,-43.19135,213,Private room,2
68449,ROOM SHARING BATHROOM,Rome,41.89269,12.50857,76,Private room,2
68450,CAMERA   BAGNO  IN  CONDIVISIONE,Rome,41.89205,12.50879,76,Private room,6
68731,Colisseum bright studio in Monti neighborhood,Rome,41.89456,12.49022,95,Entire place,3
68735,Prewar Penthouse w Private Terrace,New York,40.78971,-73.9729,199,Entire place,2
68765,Designer 2.5 BR Loft in Carroll Gardens by Subway,New York,40.67817,-73.99495,285,Entire place,5
68882,Luxury Hout Bay Villa -  St Clair Villa,Cape Town,-34.04637,18.3656,7500,Entire place,10
68900,Bright Beautiful Brooklyn,New York,40.73119,-73.95578,80,Private room,2
68974,Unique spacious loft on the Bowery,New York,40.71943,-73.99627,595,Entire place,6
68999,A little bit of Sydney - Australia,Sydney,-33.72966,151.05226,49,Private room,4
69074,Beautiful oasis of plants & art @ best location,Hong Kong,22.28352,114.15018,1135,Entire place,3
69083,BIG DESIGNER STUDIO NEAR BUTTES CHAUMONT,Paris,48.87338,2.37879,60,Entire place,2
69121,"northern beaches, narrabeen, sydney",Sydney,-33.71249,151.29842,110,Entire place,2
69146,Rome Apartment beautiful ..,Rome,41.88292,12.53103,90,Entire place,2
69269,Saint Germain Studio,Paris,48.85499,2.32452,136,Entire place,3
69588,Studio for 2 people max,Paris,48.86347,2.34118,95,Entire place,2
69894,"Nice renovated apt, prime location!",New York,40.78,-73.98249,140,Entire place,2
69921,Brooklyn Writer's Nook,New York,40.70514,-73.91922,42,Private room,2
69956,"Cosy, Private, Self-Contained & Close to the City",Sydney,-33.93683,151.13528,99,Entire place,4
70006,Sole e Luna,Rome,41.89148,12.50181,40,Private room,2
70080,Apart-hotel in Ipanema with service and garage,Rio de Janeiro,-22.9854,-43.19602,271,Entire place,6
70148,Sofa Bed in centrally located unit,Sydney,-33.90226,151.20237,35,Shared room,1
70477,Cozy Terrace by Vatican Muesums,Rome,41.904,12.44796,65,Entire place,4
70586,Charming Comfortable Marais 1 Bedrm,Paris,48.86103,2.35437,139,Entire place,3
70621,Apartment Rome's historic center Spanish Step,Rome,41.90447,12.47536,69,Entire place,5
70644,Beautiful light Studio Coyoacan- full equipped !,Mexico City,19.35601,-99.16167,929,Entire place,2
70858,2 storey flat near Les Gobelins,Paris,48.83573,2.3464,80,Entire place,4
71248,Bright and lovely 1 bdrm apt in LES,New York,40.71659,-73.98945,125,Entire place,2
71341,Vatican Tradition and Design,Rome,41.91065,12.44315,38,Entire place,4
71366,Beautiful One Bed West Village - 4 Month Special,New York,40.72966,-74.00243,200,Entire place,2
71384,Gigantic Private Brooklyn Loft!,New York,40.72898,-73.95552,229,Entire place,4
71495,secret charm 2-rooms Liberty apt,Paris,48.88188,2.39385,60,Entire place,1
71812,Condo Apartment with Laundry and Assigned Parking,New York,40.87207,-73.90193,90,Entire place,2
71866,A Jewel Amongst Greenery,Sydney,-33.9086,151.25185,296,Entire place,4
72042,"Beautiful, large and well located 3 bedroom Flat",Rome,41.90441,12.4287,50,Entire place,6
72073,Medieval borgo in the heart of Rome,Rome,41.89631,12.47111,130,Entire place,3
72190,1BR: See Central Park from Terrace!,New York,40.77728,-73.97818,110,Entire place,2
72427,Bastille -Night Life/ Market/ Metro,Paris,48.84967,2.37816,33,Entire place,3
72848,DOUBLE ROOM,Rome,41.88998,12.50248,40,Private room,3
72895,Charming attic 45mÂ² appartment,Paris,48.87153,2.37342,80,Entire place,2
73088,Room in Rome Center /Termini,Rome,41.90303,12.50401,33,Private room,1
73533,Apartment near The Louvre,Paris,48.86411,2.34309,135,Entire place,3
73581,Studio Between Ipanema/Copacabana,Rio de Janeiro,-22.98027,-43.19255,179,Entire place,4
73628,Sunny Room in Art Deco,Sydney,-33.88472,151.2679,71,Private room,2
73639,Sydney City Home with Harbour Views,Sydney,-33.86585,151.19233,14315,Private room,2
73927,Calm & Beautiful Parisian Apartment,Paris,48.88457,2.31159,118,Entire place,4
74073,Food & Music Dream Apartment in Williamsburg,New York,40.71113,-73.96054,110,Entire place,2
74240,French Garden cottage off Bedford,New York,40.71903,-73.9597,96,Entire place,2
74333,Alcove Studio w/ outdoor Patio Deck,New York,40.80892,-73.93985,80,Entire place,3
74561,Designer Marais Studio,Paris,48.85599,2.36228,55,Entire place,2
74680,One Bedroom Mini studio - Free WIFI,New York,40.77635,-73.93426,119,Entire place,3
74821,Deluxe Harlem 2 Bedroom,New York,40.80648,-73.9487,149,Entire place,5
74860,"Sunlit and Cozy Williamsburg/Greenpoint, Brooklyn",New York,40.72488,-73.95018,75,Entire place,3
75083,SoHo off Hollywood Road  3B,Hong Kong,22.28398,114.14839,403,Entire place,3
75474,"ELEGANT VILLA SWIMMING POOL, AIR/CON, GARDENS",Rome,41.98963,12.52098,1596,Entire place,12
75585,Copacabana 2 BR Penthouse Duplex,Rio de Janeiro,-22.98238,-43.19366,393,Entire place,4
75635,Bright Cozy Chinatown Studio Apt.,New York,40.71876,-73.98394,150,Entire place,3
75702,Beachside haven with gorgeous sea & Headland views,Sydney,-33.96472,151.24797,118,Entire place,2
75708,Independent Studio 30m2 Paris 20e PÃ¨re Lachaise,Paris,48.86991,2.40193,49,Entire place,2
75709,Room Revolution in trendy Marais,Paris,48.85756,2.36519,99,Private room,2
76245,Spacious Home Heart of Rio290m4QT. Discount10%week,Rio de Janeiro,-22.98192,-43.19397,783,Entire place,12
76300,"GREAT VIEW -Guesthouse ""CASA 48""- Santa Teresa  #1",Rio de Janeiro,-22.92875,-43.19341,66,Private room,16
76348,Separate room with private bathroom,Paris,48.82417,2.35078,28,Private room,1
76961,Tiny House in Lapa,Rio de Janeiro,-22.91431,-43.19081,94,Entire place,2
77190,flat with garden'n' terrace taksim,Istanbul,41.03343,28.99057,230,Entire place,3
77292,3 Bedroom Apartment with Terrace Bosphorus View,Istanbul,41.03583,28.98989,896,Entire place,6
77318,â¤Unique RIO | retreat w/ forest view in hot spot,Rio de Janeiro,-22.97629,-43.23145,197,Entire place,4
77549,Flat for up to 7 people in the heart of Rome!,Rome,41.8959,12.50151,150,Entire place,7
77765,Superior @ Box House,New York,40.73777,-73.95366,179,Hotel room,2
77831,Bonheur Monti,Rome,41.89586,12.49193,110,Entire place,3
78314,DIAMOND Apartment,Rome,41.87516,12.51359,69,Entire place,7
78366,Montmartre perfect flat for Family,Paris,48.88116,2.33446,110,Entire place,5
78697,COLOSSEUM Ciao Bella Apartment,Rome,41.89292,12.5004,95,Entire place,5
79393,"Rome,  (Monteverde) 1  single room",Rome,41.8687,12.43979,43,Private room,1
79410,MonteverdeHouse,Rome,41.87208,12.44708,110,Entire place,4
79624,Private Room in Quaint House,Sydney,-33.83096,151.21532,75,Private room,1
79690,Le MARAIS  Vieille du Temple,Paris,48.85689,2.3577,149,Entire place,4
80145,Stay in a small imperial castle !,Rio de Janeiro,-22.92519,-43.19118,109,Private room,2
80260,Nice studio in Jourdain's village,Paris,48.87146,2.38845,50,Entire place,3
80280,Cappellari 2 Campo dei Fiori,Rome,41.89812,12.46937,49,Entire place,4
80292,Cappellari 3 Campo dei Fiori,Rome,41.89805,12.47005,53,Entire place,4
80301,toits de Paris,Paris,48.83926,2.34695,60,Private room,1
80470,Brand newly renovated 2Bed2Bath,Sydney,-33.82999,151.21831,400,Entire place,5
80493,Cozy room in East Village with AC,New York,40.72182,-73.98568,70,Private room,2
80612,Apartment Gli Archi 4 beds WIFI AC,Rome,41.8624,12.54301,42,Entire place,4
80684,Duplex w/ Terrace @ Box House Hotel,New York,40.73756,-73.9535,349,Hotel room,4
80700,Loft w/ Terrace @ Box House Hotel,New York,40.73777,-73.95366,349,Private room,4
80924,Spacious 3 Bedroom Duplex in Park Slope,New York,40.67542,-73.98142,160,Entire place,5
81033,Marais Luxe  High Ceiling 1 Br BAIL MOBILITE,Paris,48.85698,2.35694,145,Entire place,4
81106,BRIGHT & QUIET FLAT - GARE DU NORD,Paris,48.8844,2.36091,79,Entire place,2
81615,Eiffel Tower Studio Paris,Paris,48.8505,2.29093,71,Entire place,2
81739,Loft w/ Terrace @ Box House Hotel,New York,40.73777,-73.95366,249,Private room,4
81807,DOUBLEROOM WITH PRIVATE BATHROOM,Rome,41.8474,12.58989,25,Private room,2
81870,Saint Germain Musee d'orsay,Paris,48.85596,2.33172,135,Entire place,2
82212,Perfect Beachfront Apartment,Cape Town,-33.91788,18.38626,1543,Entire place,4
82549,Columbia Castle in Brooklyn Heights,New York,40.6926,-73.99832,100,Private room,1
82550,Columbia Castle 2 BR,New York,40.69441,-73.99771,200,Entire place,4
82638,"Charming Artist's Flat, East Village",New York,40.72399,-73.98374,99,Entire place,2
82928,BEAUTIFUL 2 BEDROOM APARTMENT,New York,40.6824,-73.94615,150,Entire place,5
83243,Brooklyn Cove 1 Br Apt w/ Garden In Bushwick!!,New York,40.68949,-73.91708,75,Entire place,3
83446,Ft. Greene gem with back yard & private entrance,New York,40.68819,-73.97258,100,Entire place,3
83569,Budget Room Trastevere Stn.1  WiFi,Rome,41.87172,12.45717,20,Private room,2
83847,East Village Designer's 1-BR APT,New York,40.72451,-73.98094,229,Entire place,2
84010,Superior @ Box House,New York,40.73777,-73.95366,179,Hotel room,2
84226,The Historic Nobleman's Loft -5 Bedrooms!,Rome,41.89093,12.47048,499,Entire place,12
84820,Bird's nest in Montmartre: Sun/view all over Paris,Paris,48.88414,2.33831,69,Entire place,3
84953,"DOMUS BERNARDINI ""C""",Rome,41.89202,12.43859,60,Entire place,6
85103,Rome guesthouse,Rome,41.90932,12.50343,59,Hotel room,3
85145,Victor Hugo : ideal for lovers!,Paris,48.85659,2.36502,125,Private room,2
85272,"B&B ZenTrastevere, New Red Room",Rome,41.88721,12.47294,65,Private room,2
85612,"B&B Zen Trastevere, New light blue Room",Rome,41.88558,12.47157,65,Private room,2
85807,Ipanema Copa Flat,Rio de Janeiro,-22.98525,-43.19247,149,Entire place,4
85857,Aenea's B&B in the heart of Rome,Rome,41.89783,12.50317,80,Hotel room,2
86053,60% discount!Charmful flat facing a gothic church,Paris,48.86015,2.34198,89,Entire place,4
86187,Elegante Appartamento di Design Accanto al Vaticano,Rome,41.89643,12.45255,75,Entire place,3
86525,Notre Dame Louvre nice little Studio,Paris,48.86675,2.35358,75,Entire place,2
86649,2 passi da...Ã¨ il Bed and Breakfast,Rome,41.93846,12.46545,50,Hotel room,2
86670,AMAZING VIEW ON THE LEBLON/IPANEMA BOARDER.,Rio de Janeiro,-22.98361,-43.21827,224,Entire place,4
86853,Bondi Beach Break 2 Bedroom Apt,Sydney,-33.8943,151.26724,192,Entire place,4
86932,TERRAZZA SAN PIETRO BEST IN ROME,Rome,41.91124,12.45432,60,Entire place,2
86942,BABRI SIMIN TAJ  BB ROMA,Rome,41.86239,12.46591,65,Private room,2
86978,Room For a Rent : Rio de Janeiro,Rio de Janeiro,-22.97237,-43.38141,818,Private room,2
87202,CondomÃ­nio Villagio do Campo IV,Rio de Janeiro,-22.88756,-43.59413,146,Entire place,8
87279,A Cozy Uptown Private Bedroom,New York,40.80922,-73.94037,70,Private room,1
87481,"ST Germain 1 bed High ceiling ,AC and LIFT",Paris,48.85624,2.33838,65,Entire place,4
87709,Room + own Bathroom in Family Home!,Sydney,-33.70143,151.12514,70,Private room,1
87719,Bright Appartement in Paris,Paris,48.87017,2.39274,40,Entire place,2
87762,Flat Top em Ipanema Ã  150 metros da praia,Rio de Janeiro,-22.98386,-43.21383,100,Entire place,2
88428,Space home near Piazza Navona,Rome,41.90069,12.47149,196,Entire place,3
88528,COZY APARTAMENT ON THE COPACABANA BEACH BLOCK.,Rio de Janeiro,-22.97794,-43.18969,179,Entire place,4
88781,Â» 30% Off Â« Beach 50m & Metro > 5 min!!,Rio de Janeiro,-22.97456,-43.18807,157,Entire place,3
88982,"Casa Rubino,near the Coliseum",Rome,41.87966,12.51165,90,Entire place,6
89205,Spacious and sunny 1bedroom. apt. East Village,New York,40.72636,-73.98334,120,Entire place,2
89427,The Brooklyn Waverly,New York,40.68513,-73.96648,650,Entire place,10
89454,Charm with a great location Leblon,Rio de Janeiro,-22.98668,-43.22171,450,Entire place,4
89621,ENTIRE APT SLEEP 4,New York,40.68048,-73.94911,150,Entire place,4
89862,BL27 Â·NO MELHOR LUGAR DE COPACABANA,Rio de Janeiro,-22.97607,-43.18926,224,Entire place,4
89893,Exotic place in Rio de Janeiro.,Rio de Janeiro,-22.94286,-43.19356,491,Private room,1
89981,IPANEMA  QUARTO + BANHEIRO PRIVADO,Rio de Janeiro,-22.9827,-43.2004,323,Private room,2
90666,WikiRome Vatican 1to4 people Wi-Fi 200MBit,Rome,41.91065,12.45708,80,Entire place,4
90907,COPACABANA Best Location! - 3 min from ðŸ–ï¸,Rio de Janeiro,-22.97839,-43.19108,197,Entire place,4
90971,Rome best location!!!(ghetto)garden,Rome,41.89386,12.4784,75,Entire place,4
91029,Rome Villa Borghese B&B n.2,Rome,41.91519,12.49691,38,Private room,1
91139,"Romantic Flat on mews, 1 Bedrm",Paris,48.8302,2.35406,95,Entire place,2
91713,"World Wide Bed Prenestino. ""Easy"" room ensuite",Rome,41.89336,12.54569,39,Private room,4
92107,Lovely room in Jardim Botanico,Rio de Janeiro,-22.95701,-43.20293,190,Private room,2
92531,"Linda vista para montanha, 200 metros da praia",Rio de Janeiro,-22.99856,-43.27042,150,Private room,2
92549,Butterfly Vanazul Guest House,Rio de Janeiro,-22.99893,-43.27047,108,Shared room,12
93313,MAISON DES SIRENES 2,New York,40.68314,-73.93963,120,Entire place,5
93976,Studio Gio 2 in campo dei fiori,Rome,41.89487,12.47264,50,Entire place,2
94035,"Modern, Safe, Clean, Bright Room in Astoria for 2",New York,40.75961,-73.91117,76,Private room,2
94106,The Vatican Flat - Chic w/Jacuzzi,Rome,41.91406,12.45217,49,Entire place,4
94209,LARGE 1BR (CONV 2BR) CROWN HEIGHTS,New York,40.67473,-73.94494,100,Entire place,2
94270,Artist's atelier in Montparnasse,Paris,48.83572,2.33054,99,Entire place,4
94477,The Vernon On Greene,New York,40.69305,-73.93185,127,Entire place,6
94711,SWEET APT... near Menilmontant,Paris,48.86428,2.39393,55,Entire place,2
94783,"Beautiful, Brightâ€™s, Warm & Spacious 1.5BR Apt",New York,40.67174,-73.95663,120,Entire place,2
94895,temporada,Rio de Janeiro,-22.97049,-43.18923,180,Private room,2
95009,Re di Roma Apartment 1/4 adult,Rome,41.87468,12.52456,50,Entire place,4
95415,Trevi palazzo storico suite B&B,Rome,41.90235,12.49102,41,Private room,3
95463,Bed&Breakfast Gallery  Double Room,Rome,41.90777,12.44356,58,Hotel room,2
95747,Lovely 1BR in Tree-lined WBurg,New York,40.71055,-73.95098,140,Entire place,2
95883,Spacious Loft in Clinton Hill,New York,40.69465,-73.95458,200,Entire place,6
95915,Apt de charme 2 pieces 35m terrasse,Paris,48.85538,2.38957,80,Entire place,2
96036,Unique Town House -Green Point,Cape Town,-33.91113,18.40864,1760,Entire place,4
96351,Il delizioso attico immerso nella CittÃ  Eterna.,Rome,41.89184,12.48915,160,Entire place,2
96431,Amazing ocean view !,Rio de Janeiro,-23.01159,-43.36925,490,Entire place,4
96471,"The Brooklyn Waverly, One Bedroom",New York,40.68513,-73.96648,171,Private room,5
96478,APARTAMENT IN BOTAFOGO  BEAUTIFULL,Rio de Janeiro,-22.94505,-43.18137,170,Private room,4
97093,A few steps from St. Peter,Rome,41.89688,12.45695,133,Entire place,7
97100,Cape Cottage,Cape Town,-33.88279,18.62065,900,Private room,2
97636,Rio de Janeiro for you! Go for it!,Rio de Janeiro,-22.94169,-43.18703,128,Private room,2
97773,Loft/apt 1970sqft - Heart of Paris,Paris,48.85535,2.37214,344,Entire place,6
97992,A few steps away from Montmartre,Paris,48.89048,2.34504,100,Entire place,2
98663,Groovy NYC Chelsea Pad,New York,40.74893,-73.99544,130,Entire place,2
99085,Sunny Bklyn Jewel  Fort Greene APRIL  2021,New York,40.68795,-73.97332,123,Entire place,2
99547,Lapa Archs | Santa Teresa best studio for 2 people,Rio de Janeiro,-22.91408,-43.18233,153,Entire place,3
99662,Your Cozy Home - Center of New York,New York,40.71841,-73.99019,135,Entire place,2
99749,Holiday home  Santa Maria Maggiore,Rome,41.89926,12.50029,90,Entire place,5
99971,Right in front of the beach in Rio!,Rio de Janeiro,-22.99,-43.22697,398,Entire place,4
100002,"MANHATTAN Cozy, Neat, Nice, Bright ROOM",New York,40.85295,-73.93361,49,Private room,2
100186,Large Brand New Park Slope 1BR,New York,40.66918,-73.99187,130,Entire place,3
100368,Greenwich Village Brownstone -- Huge Private Deck,New York,40.74056,-74.00143,155,Entire place,4
101053,Colorful Artistic Williamsburg Apt,New York,40.71125,-73.95613,120,Entire place,6
101182,APARTAMENT IN FRONT OF THE BEACH,Rio de Janeiro,-22.95012,-43.18282,200,Entire place,2
101292,ChicShak Self Catering Accommodation in Muizenberg,Cape Town,-34.10314,18.47446,450,Entire place,2
101397,â›Cozy â€¢ Clean â€¢ Central â€¢ Roomâœ,Istanbul,41.03082,28.98053,143,Private room,1
101682,Tiny Flat near Place d'Italie,Paris,48.82671,2.35568,45,Entire place,1
102350,Julia's Cottage,Rome,41.91436,12.68375,49,Entire place,4
102672,ARIA DI MARE  A 20 KM DA ROMA,Rome,41.72619,12.28681,100,Entire place,9
102995,UWS Brownstone Near Central Park,New York,40.78558,-73.9696,212,Entire place,3
103053,santa teresa bairro fatima lapa,Rio de Janeiro,-22.90487,-43.20924,382,Private room,2
103161,Cozy+well equipped top fl apt - PRIME Williamsburg,New York,40.71577,-73.96053,120,Entire place,2
103245,Trastevere - Manara House,Rome,41.88788,12.46975,90,Entire place,6
103273,Apartment in North Bondi Village,Sydney,-33.88923,151.284,343,Entire place,4
103311,2 BR w/ Terrace @ Box House Hotel,New York,40.73778,-73.95366,599,Private room,6
103507,The Lion Room,Cape Town,-33.93326,18.40511,2200,Private room,2
103760,Central Centre 5 min walk to/from Central MTR,Hong Kong,22.28407,114.1557,613,Entire place,6
103870,CASACHICA Your holiday home in Rome,Rome,41.89903,12.50479,45,Entire place,3
104339,Colorful apartment close MetroB,Rome,41.8542,12.48235,80,Entire place,2
104626,Entire Flat - Next to Man Mo Temple,Hong Kong,22.28222,114.14834,2631,Entire place,2
105042,Central Bangkok 3 Bedroom Apartment,Bangkok,13.7343,100.56324,4916,Entire place,5
105081,A Modern flat near Trastevere,Rome,41.86175,12.45183,80,Entire place,2
105153,Small but nice double room in Rome,Rome,41.9428,12.41986,45,Private room,2
105210,"Quiet, nice apt in ""Le Marais""m",Paris,48.86396,2.35408,178,Entire place,2
105384,"The right place to explore rome, 1 Mls COLOSSEUM.",Rome,41.88012,12.50912,68,Entire place,4
105469,The Ocean Palace #2,New York,40.58615,-73.81245,70,Private room,1
105790,Holiday special near Columbia Univ!,New York,40.82123,-73.95424,80,Private room,2
105938,Secret Beach Hideaway with Tropical Gardens,Sydney,-33.64964,151.31692,293,Entire place,4
106220,lovely and cozy paris (3Ã¨me arrndt),Paris,48.86764,2.35836,115,Entire place,6
106363,Bright Room With A Great River View,New York,40.82773,-73.95231,69,Private room,1
106372,Reveillon & Natal na Barra da Tijuca. Rj,Rio de Janeiro,-23.0089,-43.43049,507,Entire place,4
106647,Tree lined block modern apartment,New York,40.68505,-73.95684,125,Entire place,4
106673,Omega 4. Wouldn't you like to safely live here?,Cape Town,-33.80488,18.46716,1022,Entire place,4
107078,NEW  DESIGNER LOFT,Mexico City,19.4313,-99.19438,3676,Entire place,2
107469,Quarto confortavel com vista panoramica,Rio de Janeiro,-22.91831,-43.1785,54,Private room,1
107569,B&B DOLCE VIRGINIA-J.Suite Orchidea,Rome,41.88018,12.51087,60,Private room,4
107630,Sweet Historic Greenpoint Duplex,New York,40.72911,-73.95493,175,Entire place,3
107895,Riverside Charm with Fire Place,New York,40.77944,-73.98567,117,Entire place,2
108035,Sweet Rome in a typical district.,Rome,41.88814,12.52974,70,Entire place,4
108039,Sweet terrace by Vatican Musuem New wifi 100Mbs!,Rome,41.90403,12.44529,45,Entire place,4
108072,Nice 1 BR Apartment in Copacabana,Rio de Janeiro,-22.98322,-43.19087,185,Entire place,4
108537,Cihangir Connection,Istanbul,41.03103,28.984,400,Entire place,4
108566,"Beautiful, bright and comfortable",Rome,41.909,12.53458,70,Entire place,4
108591,Luxury 1600 sqft on Champs Elysees with A/C,Paris,48.87283,2.29638,299,Entire place,5
108882,Gloria Sunshine Apartment in Rio,Rio de Janeiro,-22.92135,-43.18088,265,Entire place,5
109161,QUIET & COSY FLAT IN LATIN DISTRICT,Paris,48.84473,2.35309,80,Entire place,3
109747,IPANEMA'S MOST BEAUTIFUL VIEW for 6+2,Rio de Janeiro,-22.98697,-43.19751,765,Entire place,8
110322,Balcon au 5eme Ciel quiet romantic,Paris,48.84023,2.34573,150,Entire place,4
110515,Big Apartment in the heart of Rome,Rome,41.89666,12.51279,120,Entire place,11
110739,"Nomad/Chelsea Loft Studio, big work space, 2 desks",New York,40.74503,-73.98876,105,Entire place,2
111270,charming flat near Champs-Elysees,Paris,48.87961,2.29445,100,Entire place,3
111424,LOVELY and BABY FRIENDLY FLAT FOR RENT,Rome,41.87643,12.53808,49,Private room,2
112100,Sunny 3BR Apt Ideal for Family,New York,40.67539,-73.96093,165,Entire place,6
112304,Cozy Private Room in West Harlem!,New York,40.8054,-73.95189,90,Private room,2
112435,ALL ABOUT A VERY COMFORTABLE ROOM..,New York,40.69088,-73.97307,95,Private room,2
113011,Confortable flat - Ideal for 2 !,Paris,48.87249,2.39491,65,Entire place,2
113092,Rm in Beautiful Luxury Apt. Bldg,New York,40.6905,-73.97867,90,Private room,1
113265,Brooklyn- Crown Heights Garden Apt.,New York,40.67555,-73.95057,55,Private room,2
113590,SMALL STUDIO FLAT Btw Termini & Colosseum!,Rome,41.89241,12.51003,23,Entire place,2
113744,River View - Ivy Condo (1 Bedroom),Bangkok,13.68549,100.49289,1201,Private room,1
114123,Large Park Slope Townhouse Duplex,New York,40.66527,-73.9886,235,Entire place,6
114218,Mid-century House with Breathtaking Views,Cape Town,-33.93903,18.39973,6583,Entire place,8
114543,Charming 55mÂ² flat - Eiffel Tower,Paris,48.84953,2.29022,119,Entire place,2
114786,Blue Mosque View in Sultanahmet,Istanbul,41.0063,28.97916,423,Entire place,6
115535,Sun-Drenched Hamilton Hts Jewel,New York,40.82399,-73.95328,65,Private room,1
115655,Family loft with a garden in Paris!,Paris,48.89187,2.36451,130,Entire place,7
115748,1 BDRM Apt-Weekend Sublease,New York,40.76434,-73.92132,60,Entire place,2
115789,"@LaBellaSosta near ViaVeneto (10"" Termini Station)",Rome,41.90846,12.49854,89,Entire place,5
116291,Charming room AL Cupolone Guest House â˜…,Rome,41.89943,12.45628,37,Private room,2
116551,Beautiful Harlem Private Garden Apartment,New York,40.80588,-73.94919,70,Entire place,4
116616,CHEAP & CHIC WHITE APT @COLISEUM â€“ ALL INCLUDED!,Rome,41.89012,12.50973,65,Entire place,6
117425,"Conveniently Located, Sunny Brooklyn Heights!",New York,40.69263,-73.99438,132,Entire place,2
117532,Spaciouse Apartment in the heart of Rome,Rome,41.89666,12.51279,75,Entire place,6
117964,Apartment  1 to 6 pers  Montmartre,Paris,48.88829,2.34909,95,Entire place,5
117982,offro periodo estivo stanza da letto matrimoniale,Rome,41.90972,12.55194,50,Private room,2
118061,Style in Stuyvesant Heights,New York,40.68448,-73.92747,95,Entire place,2
118118,Pan Dao Condo 5 min from BTS On Nut,Bangkok,13.7051,100.60001,1499,Entire place,2
118355,HOUSE IN GARDEN,Rio de Janeiro,-22.98789,-43.31698,2143,Private room,15
118658,Luxury apartment by the beach,Sydney,-33.89124,151.28547,225,Entire place,4
118803,Feel at home in Rome,Rome,41.89892,12.51517,51,Entire place,4
120494,Romantic Hideout in Paris,Paris,48.83063,2.35377,50,Entire place,2
121410,"MetroPoint Suite Room, Near Airport",Bangkok,13.76974,100.63142,1190,Private room,16
121648,Quiet apart. in the centre of Rome,Rome,41.89368,12.50775,105,Entire place,9
121687,Spacious Brooklyn Loft - 2 Bedroom,New York,40.72063,-73.95952,250,Entire place,6
121861,"Park Slope Apt:, Spacious 2 bedroom",New York,40.67644,-73.98082,165,Entire place,4
122158,GUEST HOUSE ELISABETH,Rome,41.90805,12.45303,41,Entire place,4
122179,Cirque d'hiver / Marais/ Republique,Paris,48.86541,2.36491,90,Entire place,3
122222,CHARMING STUDIO near BASTILLE,Paris,48.85344,2.38713,70,Entire place,2
123784,NYC Studio for Rent in Townhouse,New York,40.80481,-73.94794,89,Entire place,3
124137,Beautiful Artist's home staycation,Istanbul,41.03321,28.98674,267,Entire place,5
124148,Peaceful room w private badroom Boccea/Casalotti,Rome,41.91556,12.37333,26,Private room,1
124269,S.cosimato trastevere 2 bedrooms,Rome,41.88823,12.47005,70,Entire place,4
125115,DISCOVERING RIO - Maracana & Samba,Rio de Janeiro,-22.90284,-43.22247,818,Private room,2
125163,Authentic New York City Living,New York,40.68569,-73.93038,99,Private room,2
125484,Exclusive Terrace Piazza Argentina,Rome,41.8947,12.47684,79,Entire place,2
125597,Cozy Vatican Apartment in Prati for 3-6 !  wi-fi,Rome,41.90905,12.46198,120,Entire place,6
125656,"Copacabana Studio -  5* Reviews, 5 mins to Beach",Rio de Janeiro,-22.97,-43.18823,320,Entire place,2
126443,"Massive Duplex, 2BR & 2BTH East Village 9+ Guests",New York,40.72939,-73.98857,213,Entire place,9
126816,Gorgeous Upper West Side Apartment,New York,40.79918,-73.96607,85,Private room,1
127018,Alugo quarto na Gavea com ar condicionado,Rio de Janeiro,-22.98096,-43.23718,140,Private room,2
127387,"Luxe, Spacious 2BR 2BA Nr Trains",New York,40.66862,-73.9926,260,Entire place,4
128975,City Room - Street View Apt,New York,40.81333,-73.94453,143,Entire place,5
130225,Room in a modern home.,Istanbul,40.97618,29.04442,370,Private room,2
130231,Flat with super Golden Horn view,Istanbul,41.03398,28.97297,289,Entire place,4
130234,excellent studio apartment,Rio de Janeiro,-22.97541,-43.18877,180,Entire place,4
130420,Charming Apartment 2BR in Paris 9e,Paris,48.88066,2.3442,179,Entire place,6
130970,Bright Private Room Close to the City,Sydney,-33.89338,151.20406,55,Private room,2
131221,Saint Peter - Room in apartment,Rome,41.90292,12.46217,65,Private room,2
131610,MARIA DEL ALMA,Mexico City,19.35266,-99.16338,1390,Private room,2
132114,beauty beedrom in Laranjeiras.,Rio de Janeiro,-22.93693,-43.19098,105,Private room,1
132516,Forest Hills 1 bedroom with driveway,New York,40.70925,-73.85262,92,Entire place,3
132661,Time Square  Shared APT.,New York,40.75505,-73.99187,55,Private room,1
132773,Fabulous 2 Bdrm Aprt Open kitchen,Hong Kong,22.28868,114.14494,845,Entire place,6
132909,QUARTO PRIVATIVO,Rio de Janeiro,-22.91549,-43.22626,300,Private room,3
132994,charmant studio dans le marais,Paris,48.8634,2.35826,90,Entire place,2
133025,Midtown cozy convenient,New York,40.7463,-73.97926,68,Private room,1
133148,Eveything you need - as you wish,Istanbul,41.06496,28.95651,1113,Entire place,2
133221,The room has its own toilet.,Rio de Janeiro,-22.91986,-43.17859,171,Private room,1
133339,Constantia Villa - Cape Town,Cape Town,-33.93541,18.40407,929,Private room,2
133562,"Paris12, entire charming  parisian flat",Paris,48.83543,2.39558,44,Entire place,2
133575,Cozy Bedroom in Tijuca 01,Rio de Janeiro,-22.91949,-43.22558,98,Private room,2
134934,Prime Williamsburg Apartment,New York,40.71823,-73.95849,300,Entire place,2
135051,open space apartament in rome,Rome,41.88356,12.41777,65,Private room,2
135307,Casa Vacanze Marzia,Rome,41.85575,12.48066,60,Entire place,2
135393,"Private, spacious room in Brooklyn",New York,40.651,-73.94886,50,Private room,2
135465,Garden apartment close to Manhattan,New York,40.68626,-73.97598,170,Entire place,3
135706,Boho Studio,New York,40.74488,-74.001,112,Entire place,1
135858,"En-suite, city view, near center",Istanbul,41.04285,28.97663,2240,Private room,3
135956,Private room in shared flat-for ONLY female guests,Istanbul,41.0286,28.9775,108,Private room,1
136493,"Historical home w/ exceptional space, light & art",New York,40.67632,-73.97616,250,Entire place,5
136818,warm family place ..,Istanbul,40.98242,29.05151,481,Private room,1
137002,"Na Cupertino, muito sofisticado no centro do Leblon",Rio de Janeiro,-22.98251,-43.22108,784,Entire place,5
137044,Locazione Turistica Zona Campo de' Fiori,Rome,41.8962,12.47071,91,Entire place,4
137048,Charming 2 bedroom flat in Leblon,Rio de Janeiro,-22.98002,-43.22371,180,Entire place,4
137112,Quiet Loft  Bastille-PÃ¨re Lachaise,Paris,48.85626,2.38844,80,Entire place,4
137150,Penthouse at Lagoa close to Ipanema,Rio de Janeiro,-22.97193,-43.20359,2727,Entire place,4
137157,Super balcony in center on Romans roofs,Rome,41.89208,12.47923,103,Entire place,4
137195,Vatican in Rome at B&b S.Pietro,Rome,41.89626,12.45022,29,Private room,2
137343,"2BR, 2 blocks from Ipanema Beach",Rio de Janeiro,-22.98606,-43.19513,377,Entire place,4
137713,60sqm apt Campo de' Fiori with Wifi,Rome,41.89621,12.4706,50,Entire place,3
137724,Studio in Campo de' Fiori with Wifi,Rome,41.89694,12.4717,39,Entire place,2
137857,Nice and lovely flat ! Paris- 28m2,Paris,48.85767,2.39566,40,Entire place,2
138192,Rome Termini station double room,Rome,41.89182,12.50488,66,Private room,2
138279,cosy studio flat,Rome,41.87337,12.54158,28,Entire place,3
138394,Entire Flat at Cihangir/Taksim,Istanbul,41.03282,28.98537,889,Entire place,4
138548,Romantic studio in center of Paris,Paris,48.86384,2.34932,100,Entire place,2
139074,Lovely Arc de Triomphe Studio!,Paris,48.87209,2.29297,99,Entire place,2
139330,In the hearth of Rome (PIGNETO),Rome,41.87958,12.54447,49,Hotel room,2
139624,"Spacious,Sunny, private one bedroom",New York,40.67456,-73.95151,73,Entire place,2
139804,Entire house in central Kadikoy,Istanbul,40.98373,29.02865,371,Entire place,4
139889,A summer house in Paris,Paris,48.89232,2.37926,150,Entire place,6
140023,B&B  NIK and BENNY,Rome,41.97348,12.45729,50,Private room,2
140133,Truly Amazing Oasis In The City,New York,40.71363,-73.96019,249,Entire place,4
140211,STUDIO APT CITY CENTRE FOR NEW YEAR,Paris,48.86602,2.35117,50,Private room,1
140269,Penthouse in Taxim -with 2 bedrooms,Istanbul,41.03577,28.9773,404,Entire place,6
140355,TOP FLAT BUTTES CHAUMONT PARKING AND FREE COFFEE,Paris,48.87488,2.37725,75,Entire place,4
140801,"Rome Studio Rental, Colosseum",Rome,41.88739,12.4969,60,Entire place,3
140952,(-55%)28nts in may 300â‚¬:Best LocationDuplex@Taksim,Istanbul,41.03895,28.98387,404,Entire place,4
140973,East Village Charmer,New York,40.72274,-73.97581,225,Entire place,4
141154,Affordable Furnished Apartment,New York,40.6858,-73.9828,100,Entire place,4
141335,Architect's Brownstone,New York,40.67535,-73.97654,900,Entire place,5
141434,URCA Amazing Penthouse w/ best view/ 230 m2,Rio de Janeiro,-22.95454,-43.17442,1068,Entire place,4
141614,Room with private bathroom - Colosseum 10min away,Rome,41.89254,12.50647,78,Private room,3
141634,Bright room (up to 4 people) - Rome Colosseum,Rome,41.89325,12.50473,75,Private room,4
141734,Windermere Quinns Holiday Home,Cape Town,-34.07655,18.88112,534,Private room,8
142069,"EAST VILLAGE STUDIO, sunny & quiet",New York,40.72485,-73.97813,100,Entire place,2
142483,Termini station single room,Rome,41.89262,12.50672,66,Private room,1
142615,3Mins to BTS/ Eco&Best@Onnut/6FPoolView/Tesco/BigC,Bangkok,13.70421,100.59553,999,Entire place,2
143280,Garden Retreat Northern Beaches,Sydney,-33.694,151.29036,240,Entire place,7
144087,LUXURY OF THE HORIZON,New York,40.80473,-73.9532,259,Entire place,5
144148,1 Bdrm in 4 Bdrm dupelx/roof deck,New York,40.72217,-73.98419,67,Private room,2
144559,1076 sq feet Home in MONTMARTRE,Paris,48.8936,2.34587,133,Entire place,5
145064,The Heart of Prime Williamsburg,New York,40.71943,-73.9565,145,Entire place,3
145343,Boutique Rooms Near Bangkok Airport,Bangkok,13.72215,100.7709,1600,Private room,2
145473,Family friendly 80m2 heart of Paris,Paris,48.86542,2.35231,190,Entire place,4
145966,Bedroom close them Maracana,Rio de Janeiro,-22.90345,-43.24253,200,Private room,2
146028,Room for two people,Rio de Janeiro,-22.92591,-43.18033,1077,Shared room,2
146402,Suite in a beautiful house-Lagoa/RJ,Rio de Janeiro,-22.96148,-43.20038,273,Private room,2
146854,Beautiful & Super Deluxe Flat,Istanbul,41.04753,28.9803,445,Private room,1
146905,BLUE ROBIN BEACHFRONT HOLIDAY HOME,Cape Town,-33.80229,18.46014,950,Entire place,8
146926,Heart of Paris Charming 2 bedrooms,Paris,48.87061,2.36778,120,Entire place,5
147043,Entire apartment  on the Park-,Rome,41.8769,12.44109,80,Entire place,4
147248,Roma Casa Rome House B&B Short Let,Rome,41.90045,12.46779,69,Entire place,5
147381,Charming Studio in Trevi Fountain,Rome,41.90064,12.48435,59,Entire place,2
147670,Feliz in Roma B&B - Junior Suite,Rome,41.88817,12.5032,160,Private room,4
147933,Feliz in Roma B&B - Chic room,Rome,41.88724,12.50112,110,Private room,2
148158,Charming apartment near Trastevere,Rome,41.87107,12.4391,90,Entire place,2
148201,NYC - Sunny Greenwich Village 1br,New York,40.72831,-74.00177,175,Entire place,4
148259,Garage Studio Designer Loft,New York,40.71541,-73.94144,190,Entire place,6
148825,Best City Area Columbia U Upper West Side C Park,New York,40.79765,-73.96245,146,Entire place,4
148885,Studio on a high floor Eiffel Tower,Paris,48.85855,2.28978,180,Entire place,2
149224,Il Nido della Tangenziale,Rome,41.89668,12.53084,51,Entire place,2
149287,Your own apartment off Park Avenue,New York,40.78508,-73.95332,250,Entire place,4
149959,Cocoon in Canal Saint Martin,Paris,48.87488,2.36509,120,Entire place,3
150800,750 euros per month room,Paris,48.87439,2.38476,40,Private room,2
150804,Lower East Side 2 Bed Apt.,New York,40.72008,-73.98404,250,Entire place,4
150989,"Sunlit 1 bedroom apt: Williamsburg, Brooklyn",New York,40.71546,-73.96435,155,Entire place,2
151020,Paris center beautiful 1 bedroom,Paris,48.86421,2.34815,50,Entire place,4
151199,Clean Astoria-Private Home NYC,New York,40.75725,-73.91098,99,Entire place,2
151478,"BIG, COMFY , PRIV. ROOM, BIG APT, YARD, GREAT LOC.",New York,40.7102,-73.94495,87,Private room,2
151935,â˜…LOVELY St-Germain-Des-Pres & Louvre Apartmentâ˜…,Paris,48.85509,2.32809,74,Entire place,2
152259,City Room - Semi Private Bedroom,New York,40.81156,-73.94571,58,Private room,1
152263,Cozy apartment in a brownstone,New York,40.80497,-73.95016,300,Entire place,8
152549,Room in Greenness inc Breakfast,Istanbul,41.08582,29.05477,193,Private room,2
152614,Single Room with Private Bathroom,Rome,41.9255,12.51556,40,Private room,1
153190,Le Petit Paradis de Paris,Paris,48.85289,2.34524,150,Entire place,2
153444,Perfect for Visitors / Staycationers /Home Workers,Sydney,-33.87249,151.22479,80,Entire place,2
153506,Sally's beautiful apt - Trastevere,Rome,41.87244,12.46946,65,Entire place,5
153512,Francesco's  private penthouse,Rome,41.84638,12.49213,60,Entire place,4
153542,CORNER HOUSE ROME,Rome,41.93982,12.42301,65,Entire place,2
153657,Between Colosseum & Trevi Fountain,Rome,41.89576,12.49187,80,Entire place,3
153674,Sunny flat- 1 bedroom & living room (30m2),Paris,48.88293,2.36614,65,Entire place,4
153780,Private E. Village Townhouse Stay,New York,40.72587,-73.98438,175,Private room,2
154127,Lindo Apt. Rio Centro / Rock in Rio,Rio de Janeiro,-22.97304,-43.4149,250,Entire place,4
154201,Harbour Place,Cape Town,-34.12805,18.44703,2200,Entire place,4
154292,"Stylish apt, designed by architect",Paris,48.87562,2.38597,65,Entire place,2
154794,Art Mary B&B ; near termini station,Rome,41.90228,12.50516,42,Hotel room,4
154934,Harlem/Hamilton Heights Cozy Room,New York,40.82426,-73.9463,75,Private room,1
154984,PRIVATE BEDROOM TYPICAL PARIS APT 2,Paris,48.87442,2.3834,40,Private room,6
155072,ROOM WITH VIEW ON ALL PARIS/CENTRAL,Paris,48.8746,2.38487,40,Private room,2
155179,Renovated 1BR NAVONA-VATICAN,Rome,41.89875,12.46946,60,Entire place,4
155296,Incredible Prime Williamsburg Loft!,New York,40.71624,-73.96272,250,Entire place,3
155540,Painter's works in Paris-Montmartre,Paris,48.88575,2.35228,70,Entire place,6
156217,Your Home in Rome's Trastevere,Rome,41.88825,12.46703,50,Private room,2
156309,A deux pas de Montmartre ....,Paris,48.88436,2.35258,55,Entire place,2
156445,Charming Studio Navona / S.Peter,Rome,41.89875,12.46946,60,Entire place,3
156583,Studio near BTS and MRT close to Silom,Bangkok,13.72944,100.52128,900,Entire place,3
156649,Private Room - Pere Lachaise,Paris,48.86311,2.38591,89,Private room,2
156873,ART APPIA 1 SAN GIOVANNI,Rome,41.87505,12.51895,65,Entire place,6
156878,Rome City Center Trastevere up to 4,Rome,41.88933,12.47236,83,Entire place,4
156888,Beautiful house,Rome,41.88442,12.52264,46,Private room,2
157524,Le Marais  Place Sainte Catherine,Paris,48.85522,2.36382,180,Entire place,6
157673,Large  Loft Style  Studio  Space,New York,40.68101,-73.94081,65,Entire place,4
158061,Hancock Town House!-Stuyvesant Mews,New York,40.68669,-73.91989,165,Private room,2
158176,Entire Apt in Heart of Williamsburg,New York,40.71534,-73.95914,91,Entire place,2
158461,Friendly Family Home,Istanbul,40.87171,29.1291,741,Private room,1
158618,King Suite Studio  Near Taksim Square,Istanbul,41.03767,28.98219,494,Private room,2
158668,"Big Double room, very cool",Rome,41.89294,12.54158,40,Private room,3
158722,"""FRANCESCA""APARTMENT NAVONA SQUARE - Wifi",Rome,41.90238,12.47312,100,Entire place,4
159072,SUNNY BIG room close the metro station,Rome,41.89119,12.56068,50,Private room,1
159077,Hidden gem in the center of Paris,Paris,48.87036,2.37618,49,Entire place,3
159355,Nice and Cozy Room @ Sathorn Area,Bangkok,13.71359,100.54534,1499,Entire place,2
159749,Purple Room for 2/3 in brownstone $1450 per month,New York,40.68048,-73.93938,87,Private room,3
159815,Red Room for two in Brownstone for $1355/mo,New York,40.68048,-73.93938,81,Private room,2
159854,Deluxe one Bedroom Condo w.Pool-GYM & Sauna 8-7,Bangkok,13.74293,100.55603,1635,Entire place,2
159913,"Chelsea living, 2BR best location",New York,40.74346,-73.99882,150,Private room,2
160220,Paris Centre Wonderful neighborhood,Paris,48.86554,2.34301,65,Entire place,2
160450,ROMA HOLIDAY SUITE - BLUE ROOM,Rome,41.87715,12.38358,103,Private room,2
160554,Chambre Paris Canal Saint Martin,Paris,48.87572,2.37005,39,Private room,1
160809,"""HomeinIstanbul"" wGreat Location",Istanbul,41.03224,28.98714,444,Entire place,3
161703,Very nice Parisian apartment,Paris,48.88735,2.34295,82,Private room,2
161978,Room near Termini Station 30 minutes to Center,Rome,41.89786,12.5146,28,Private room,3
162163,Brand new Modern flat Central Paris Boutique Hotel,Paris,48.87373,2.32456,96,Entire place,4
162180,Nice flat in historical Galata,Istanbul,41.02622,28.97488,1037,Entire place,4
162314,Colosseum cozy apartment,Rome,41.8848,12.49848,69,Entire place,4
162493,Prime Williamsburg 3 BR with Deck,New York,40.71323,-73.95745,464,Entire place,6
162508,Beautiful Brooklyn Oasis,New York,40.67212,-73.9506,130,Entire place,2
163008,Calpurnia House close Colosseum,Rome,41.88836,12.50148,86,Entire place,5
163019,Single room in the centre of Rome,Rome,41.8931,12.50836,25,Private room,1
163107,Charming 1BR/1BA by the Colosseum,Rome,41.89493,12.51188,65,Entire place,4
163111,Centrally located spacious 1BR/1BA,Rome,41.89187,12.51102,65,Entire place,4
163272,Charming apt in the heart of Rome,Rome,41.8941,12.47716,100,Entire place,5
163384,700 euros special lockdown price,Paris,48.87497,2.38483,40,Private room,2
163545,Loog Choob Homestay: A junior suite,Bangkok,13.75866,100.51488,3600,Private room,3
163655,1BDR Charming & typical appartment!,Paris,48.87804,2.36517,100,Entire place,2
163664,Soho off Hollywood Road P4,Hong Kong,22.28651,114.14874,613,Entire place,6
163742,Soho off Hollywood Road P3,Hong Kong,22.28694,114.14855,613,Entire place,6
163814,â˜† STUDIO East Village â˜† Own bath! â˜† Sleeps 5,New York,40.72636,-73.98917,120,Entire place,5
164216,Ottoman Flat 2BR @Taksim Square,Istanbul,41.03614,28.98163,853,Entire place,6
164465,Ara Pacis: apartment with Jacuzzi,Rome,41.90548,12.47224,190,Hotel room,4
165409,studio charme Haut Marais PARIS,Paris,48.86623,2.36213,89,Entire place,2
165772,BEST 4BR 4 BH HOUSE IN S. MIGUEL CHAPULTEPEC,Mexico City,19.40675,-99.18798,3407,Entire place,14
166006,Nice Manhattan Apt Near Central Park and Subway,New York,40.80006,-73.96049,250,Entire place,7
166172,Private Stay In Peaceful Artist Apartment,New York,40.68478,-73.9066,55,Private room,2
166177,Studio  70 meters from Copacabana beach,Rio de Janeiro,-22.97854,-43.1904,140,Entire place,4
166265,Apartment in the Heart of the City1,Istanbul,41.03919,28.98266,247,Entire place,4
166267,Smart 1Bed Apt. Near MRT and BTS,Bangkok,13.7278,100.52548,1150,Entire place,4
166370,Big  appartment with view,Paris,48.87641,2.36748,160,Entire place,4
166454,Artevere,Rome,41.8898,12.47199,55,Entire place,3
166468,"Artist Studio/Apartment in Dee Why, Sydney",Sydney,-33.75636,151.28905,158,Private room,1
166861,Private Double room at Copacabana,Rio de Janeiro,-22.98249,-43.19222,248,Private room,2
166894,Artevere !,Rome,41.89174,12.46992,55,Entire place,3
166972,O MELHOR ESTÃšDIO DE  COPACABANA,Rio de Janeiro,-22.96656,-43.18575,170,Entire place,4
166983,"3 BR, Beautiful Brooklyn Duplex",New York,40.68252,-73.99619,350,Entire place,6
167031,"Arpoador beach, the best part of Ipanema",Rio de Janeiro,-22.9869,-43.19286,181,Entire place,5
167932,Quiet studio in the best of COPA,Rio de Janeiro,-22.97064,-43.18496,142,Entire place,3
167998,"Cosy luxe, central Paris.",Paris,48.86606,2.3304,277,Entire place,4
168123,"Sunny, quiet, legal homelike suite-Pk Slope South",New York,40.66085,-73.98537,95,Entire place,2
168217,"Calm&Nice 2p. 34m2, Buttes Chaumont",Paris,48.87906,2.3887,70,Entire place,2
168404,Charming Apt City Center Taksim,Istanbul,41.03293,28.98853,889,Entire place,4
168566,Comfortable and easily accessible,Cape Town,-34.11119,18.82884,440,Entire place,2
168652,Appt 35mÂ²  in Paris18e,Paris,48.88889,2.35566,70,Entire place,2
168695,studio flat by the Seine River -mobility lease,Paris,48.84729,2.275,70,Entire place,2
168810,Lovely Vintage Havenâ€”Heart of UWS,New York,40.78569,-73.97581,175,Entire place,4
169106,Kiptas Seyrantepe Residence Flat,Istanbul,40.9476,29.16943,769,Entire place,2
169285,Stay at the ROARING RATCHADA!,Bangkok,13.78281,100.58297,1139,Private room,3
169306,Affordable & Cozy,New York,40.85811,-73.90675,37,Private room,2
169464,Creative Vintage Loft in S. Williamsburg,New York,40.70667,-73.96524,85,Entire place,4
169483,Very close to Downtown Awesome Private Apartment,New York,40.60452,-73.97103,110,Entire place,4
169514,2br apt in Sukhumvit Asoke near BTS,Bangkok,13.74376,100.55956,1499,Entire place,2
170150,Lovely Gardened House 10 minutes walking to metro,Istanbul,41.01694,29.06929,371,Entire place,4
170327,A cosy room in PARIS - above Canal,Paris,48.88702,2.37735,38,Private room,2
170397,Studio in the HEART of Copacabana,Rio de Janeiro,-22.97135,-43.18779,137,Entire place,4
170420,The Happy home!,New York,40.7932,-73.94007,79,Entire place,2
170599,Sunny modern studio in Gambetta,Paris,48.86756,2.40265,35,Entire place,2
170761,"Fort Greene, Brooklyn: Front Bedroom",New York,40.68768,-73.97611,85,Private room,2
171109,Cool room near WTC and Metrobus,Mexico City,19.39549,-99.17616,250,Private room,2
171422,House near skytrain BKK Thailand,Bangkok,13.70341,100.61025,899,Entire place,5
171442,RELAIS CASSIA - ECCELLENTE !!,Rome,41.98878,12.40036,80,Entire place,2
171505,Come and feel at home,Rio de Janeiro,-22.99442,-43.23544,436,Entire place,2
171593,Nice historical apartment in Galata,Istanbul,41.0278,28.97696,1111,Entire place,4
171658,In the Chinese quarter of Paris,Paris,48.82425,2.36236,70,Entire place,3
172499,Beautiful UES Family Apartment,New York,40.77938,-73.94874,250,Entire place,4
172902,Studio between Ipanema / Copacabana,Rio de Janeiro,-22.98114,-43.19429,129,Entire place,2
173151,spacious room,New York,40.72901,-73.95812,78,Private room,2
173709,Excelent apt near Copacabana beach,Rio de Janeiro,-22.9626,-43.17704,80,Entire place,2
174048,Paris La Chapelle /// 45mÂ²,Paris,48.88517,2.36317,80,Entire place,2
174101,Penthouse & Private Airy and Quiet Terrace,Rio de Janeiro,-22.98015,-43.19098,595,Entire place,5
174966,Luxury 2Bed/2.5Bath Central Park View,New York,40.7735,-73.98697,2500,Entire place,9
175338,Beautiful apt for 2 - Eiffel Tower,Paris,48.85063,2.29867,150,Entire place,2
175380,Spacious&nice for families/friends near Colosseum,Rome,41.89388,12.51137,94,Entire place,6
175707,TESTACCIO's last floor small apartment great view!,Rome,41.8782,12.47814,70,Entire place,2
175766,at the center of Istanbul..,Istanbul,41.07005,28.98561,222,Private room,2
176185,Penthouse Oceanview Copacab/Ipanema,Rio de Janeiro,-22.98499,-43.19098,1910,Entire place,8
176653,East Village bedroom w rooftop,New York,40.72974,-73.98201,100,Private room,1
177029,Alugo ampla casa ate 4 pessoas diaria por pessoa,Rio de Janeiro,-22.81547,-43.17936,100,Entire place,4
177495,"PRIME, Luxury, Spacious 2 Bedroom Apt in Chelsea",New York,40.73918,-73.99493,550,Entire place,4
